commentId,text,channel_type,likeCount,video_title,label_llm,label_revisao
UgyvuT1n9GgKTNQlw554AaABAg,"Escrevo frases para reflexão ou não kkkk foi a forma q encontrei de contribuir para um mundo melhor. ""no fim da vida chegamos ao cume da montanha e só ali percebemos q existem tantas outras para percorrer""",profissional,1,Estoicismo: a Filosofia da felicidade e do desapego | Leandro Karnal,POSITIVO,
UgxFpzpLUczTzg3xxBJ4AaABAg,Gente pq ela parou de gravar,amador,1,GIRLS EDUCATION: ELAS QUE LUTAM,NEGATIVO,
UgxXDewnLSg2WKgeqUR4AaABAg,💙💙💙💙,amador,0,5 sinais de que você é imaturo emocionalmente e não sabe,POSITIVO,
UgwNRdwilA9wm-D9Yxp4AaABAg,"Esse vídeo é muito pertinente. Falo com propriedade. Trabalhei em uma empresa de grande porte. Quando entrei era o sonho de vida, boa remuneração e vários tipos de adicionais, VA, VR, plano de saúde e odontológico. Fora que dava para construir uma carreira, ou seja, via-se possibilidade de crescimento e desenvolvimento. 
A pandemia veio para dar uma poda e mudar muitas coisas, porém só mostrou a face de muitas pessoas pelo poder e lucratividade. Onde eu estava, a vaidade era demais também, cada um querendo chamar mais a atenção e ter mais poder. O mais engraçado é que quem entra, começa a achar até natural isso, e quando você vê está doente por tentar alcançar um patamar que as vezes nem faz sentido para você. Porém te disseram tanto que é assim, que nem questionamos. E quando você começa a se cuidar mentalmente, tem mais consciência e percebe que não vale se desgastar, você começa a mudar, e para piorar vem questionar sua mudança, ou porque você que não questionava, questiona agora, com o dizer, aqui sempre foi assim. 
Não caiam nessa, tenham um plano e sejam estratégicos de onde querem chegar. Não deixe a sociedade ou o ambiente profissional ditar seu futuro. Precisamos trabalhar, porém com consciência e no que faz sentido pra cada um.",profissional,171,"SAÚDE MENTAL NO TRABALHO | Série ""Profissional do Futuro”",POSITIVO,
UgxjM8B3qe-4yRj8MHJ4AaABAg,"Obrigada por esse vídeo maravilhoso, Karnal.",profissional,0,Amor aos pets: a relação entre seres humanos e animais na História,POSITIVO,
UgxvlI8DYsuUuYTCfQJ4AaABAg,"Amei, era exatamente isso que eu precisava ouvir Elora 💕",amador,0,"estar pronta é uma decisão, não um sentimento",POSITIVO,
UgyS6tWmPRYZcpVugkR4AaABAg,"Larguei quase totalmente o Instagram há quase 5 anos, porque eu mesma percebi que a ansiedade e os sentimentos depressivos (incluindo ideação s*) aumentavam muito conforme eu usava ele. Agora me mantenho somente no YouTube, sem ver tantos shorts - meu limite é 5 por dia - e vendo somente conteúdos com valor de conhecimento. 
Isso ajudou MUITO na melhora dos meus sintomas. O que prejudica é que eu sou vista como ""louca"" porque não olho Instagram. Parece que ver redes sociais todos os dias não só é uma  pandemia como também é  considerado doente quem não vê. Essa parte é difícil para mim.",profissional,90,O PERIGO REAL sobre o novo TDAH que ninguém te contou,NEGATIVO,
Ugy7nNoAJOMd4bz-CaF4AaABAg,"Eu sou uma pessoa horrível, um erro que nunca deveria ter existido",amador,2,Assista quando estiver deprimido,NEGATIVO,
UgzJqJe7iZ4PH5GA1Cd4AaABAg,"Vi isso no meu segundo casamento. Tenho energia pra marido não. Nunca tive. Queria até ter descoberto isso antes, tinha me economizado tempo.",profissional,144,CASAR PARA QUÊ? | MARIA HOMEM,POSITIVO,
UgxmfhxXyl1-f0PYnJN4AaABAg,"Me ajude, Karnal. Estou sofrendo um crime cibernético e estou em sofrimento intenso.",profissional,0,"Espinosa, o principal filósofo português? | Leandro Karnal e José Rodrigues dos Santos",NEGATIVO,
Ugy5NIotZH_REvU4FRx4AaABAg,Não tive filhos e não me arrependo.A cada dia agradeço ter tido essa lucidez❤,profissional,172,CASAR PARA QUÊ? | MARIA HOMEM,POSITIVO,
UgwkoSpWqRL1edGNGRh4AaABAg,Gratidão!,profissional,0,Continue fingindo que nada mudou  #saudemental #reflexão #mudança #autocuidado #tempodecrescer,POSITIVO,
Ugx7vUd8to2tMJ8BFf94AaABAg,"A nossa escuridão, aí está nossa luz. Shalon.",profissional,0,Rossandro Klinjey - Como parar de sentir tristeza?,POSITIVO,
Ugx2xjCFZnj1SVJdJwd4AaABAg,💜,amador,0,Você tem tudo para estar bem... mas não está.,POSITIVO,
UgxhHfPiRwnupt9PEMB4AaABAg,As pessoas já não pensam mesmo. Sequer elas ouvem.,profissional,0,Leandro Karnal desafia o ChatGPT,NEGATIVO,
UgwigUt7q2YA1qTdqIh4AaABAg,1 mês pós parto aqui e já dei like antes de começar hahaha 😘😘,amador,3,O RETORNO DA PEPEKA DEPOIS DO PARTO NORMAL VAGINAL | Juliana Goes,POSITIVO,
UgxFwK-_BDhh41aXWN14AaABAg,"Memória é o grande mote dessa série, não é professor? Desde sua construção até o seu esmaecimento. Queria aqui fazer duas menções honrosas: Miguel e tio Nick. Esses dois também me arrancaram muitas lágrimas.",profissional,124,"Karnal Recomenda: ""This Is Us"" - 6ª temporada | Leandro Karnal",POSITIVO,
Ugzb_Laz-bnKcIYI8Sl4AaABAg,Princesa linda pode voltar já amor,amador,1,GIRLS EDUCATION: ELAS QUE LUTAM,POSITIVO,
UgxLaLd1_f_ijOnqOZx4AaABAg,Amando essas explicações,profissional,0,Aula 2: O Jeito Certo de lidar com o TDAH - Dra. Ana Beatriz Barbosa,POSITIVO,
Ugz5pxag-nUOeA8GWeh4AaABAg,"Brasil é um país que produz chefes e não Líderes... Cansei de ouvir "" lideranças"" falando para colaboradores : Cuidado, emprego está difícil . Que mentalidade pequena e opressora. É por isso que não faço extras e não abro mão da paz do meu lar , do meu descanso. É somente aquelas horas que sou pago e acabou.",profissional,610,"SAÚDE MENTAL NO TRABALHO | Série ""Profissional do Futuro”",NEGATIVO,
UgxSfAJOi0s9Los2PWh4AaABAg,Homens não gostam de mulheres; gostam do poder (real ou ilusório) exercido sobre elas.,profissional,189,Feminicídio no Brasil: por que homens odeiam mulheres? | Maria Homem,NEGATIVO,
UgxxVtT_HEuv1NTQCkN4AaABAg,💙,amador,0,5 sinais de que você é imaturo emocionalmente e não sabe,POSITIVO,
Ugz4QjK3AjSKjCRYPex4AaABAg,Sim!,profissional,1,Quem te machucou não merece sua energia #saudemental #reflexão #mudança #autocuidado #tempodecrescer,POSITIVO,
UgxZdDybsn6SrIdkEch4AaABAg,💙,amador,0,5 sinais de que você é imaturo emocionalmente e não sabe,POSITIVO,
UgxQBaxzK5u5SgSnWz14AaABAg,Sobreviver a um casamento com narcisista de 50 anos  me faz ver o quanto sou forte. Só que custa e doi. Além das sequelas que trás.  Quando eu nascer de novo esse bicho não me pegará mais,profissional,9,O que fazer quando o narcisista convive com você? #98,NEGATIVO,
UgzcAaYlAIHZfgI1y_l4AaABAg,❤❤❤❤❤❤❤❤,amador,0,Como resgataria meu amor-próprio,POSITIVO,
UgyM3qWjAL6lKZmbfC14AaABAg,"No início de 2025, fiz 18 anos. Comecei a faculdade de Medicina, mantive meu trabalho de meio período, o que já ajudaria com algum dinheiro, iniciei a autoescola, continuei indo à igreja, mantive contato com alguns dos meus amigos da escola... Que maravilha! Pensei.

Nos últimos dias, pedi uma amiga em namoro e ela aceitou. Esta semana se encerrou a semana de provas e, com muito esforço, fui bem em todas elas.
Mas, em meio a tudo isso, não sinto que estou feliz de verdade... As coisas, mesmo dando certo, já não me fazem mais sentido. O ápice foi ontem: tive resultado positivo em todas as provas, cheguei em casa feliz para jogar (pois fazia meses que não jogava), e o que me bateu foi o vazio... No final, estava sozinho.

Um relacionamento sem amor... um trabalho pouco produtivo... amigos com quem não me sinto à vontade para falar qualquer coisa... eu, desunido da minha família.
Tinha tantos hobbies relacionados à arte, mas já não pratico mais nenhum, pois não tenho tempo. Tento pensar em coisas que me deixem feliz, mas, infelizmente, não encontro nada...

Além disso, sou uma pessoa muito tímida e introspectiva, o que acaba dificultando minhas relações sociais. Por isso, nem culpo minha namorada – acho que, no final, a culpa é mais minha mesmo...

Em minhas orações, acabo sempre me considerando ingrato por tantas bênçãos e por não ser capaz de aproveitá-las. Para meus amigos, parece ser uma fase tão fácil e leve. Por que, para mim, é tão pesada?

Que Deus me ajude... Oro para que todos em situação semelhante se curem, pois sei o quão frustrante é tudo isso. Peço que orem por mim também...",amador,182,Assista quando estiver deprimido,NEGATIVO,
Ugz82kh0brm2N1zTmHd4AaABAg,Verdade!,profissional,0,Por que sou ateu? Leandro Karnal reage a comentários sobre religião e ateísmo,POSITIVO,
Ugwrx5RruemMWDhR1C94AaABAg,Amei,profissional,0,Rossandro Klinjey - Como parar de sentir tristeza?,POSITIVO,
Ugzv70Ejcdg2Hh-I68Z4AaABAg,"Tenho 28 anos, mês passado viajei com um casal de amigos, de 55 anos, aposentados desde 2021, mas continuam  trabalhando pelo dinheiro, para aumentar o padrão de vida. E sabe para onde o dinheiro vai? Roupas, inacreditável! Depois desse passeio não consigo falar com eles como antes.",amador,0,você não é seu desempenho.,NEGATIVO,
Ugzp2pedgkrYpts3Spd4AaABAg,💙,amador,0,5 sinais de que você é imaturo emocionalmente e não sabe,POSITIVO,
UgzObs3OxCeH7oQwRzR4AaABAg,"É linda essa série! Choro quase todas as vezes que vejo, mexe com nossos sentimentos. Recomendo também",profissional,6,"Karnal Recomenda: ""This Is Us"" - 6ª temporada | Leandro Karnal",POSITIVO,
UgwpPdHR-KZiEYPtX3p4AaABAg,"Por favor, queremos plano de parto e realidade siiiim",amador,273,O RETORNO DA PEPEKA DEPOIS DO PARTO NORMAL VAGINAL | Juliana Goes,POSITIVO,
UgxcRmXB5yby2y38ReF4AaABAg,Mt bom,amador,0,Assista quando estiver cansado da vida | A filosofia de Sartre,POSITIVO,
UgzlFnFrsmdsKCvUDC14AaABAg,"Adoro a filosofia de Spinosa.
Assistiria todos os vídeos sobre ele. Principalmente com Karnal",profissional,10,"Espinosa, o principal filósofo português? | Leandro Karnal e José Rodrigues dos Santos",POSITIVO,
UgybWNk4BMKX7QUcodZ4AaABAg,que saudade dessa mulher. por deus!,amador,1,EXPRESSÃO MÁXIMA DO DESCONFORTO | PARTE 2,NEGATIVO,
Ugxb9BUR0Xkh345l9MN4AaABAg,Quando vai chegando a  noite eu chamo meu gato pra entrar pra casa ele faz de conta de nem tá escutando aí eu falo vem Papa whisky com a mamãe ele me olha e vem correndo é muito inteligente amo muito,profissional,0,Amor aos pets: a relação entre seres humanos e animais na História,POSITIVO,
UgxBoNkGtPL6R1GoMmR4AaABAg,💛💛,amador,0,Como resgataria meu amor-próprio,POSITIVO,
UgyZkC4rJbvg9Phxqit4AaABAg,"Oi.

... como é????

Você sumiu!!!!

Já lá vai 1 ano e nada de mais novidades...",amador,0,GIRLS EDUCATION: ELAS QUE LUTAM,NEGATIVO,
UgwTL5ZNaUym7y9VVdx4AaABAg,"Amei a edição na qual você participou, e amei sua participação. Gostava muito de você lá e ainda gosto de ti e assistir você até hoje",amador,1,BBB | Respondendo sobre a minha experiência no Big Brother Brasil,POSITIVO,
UgzMXVkCxyn4Pl5SCTd4AaABAg,"Brasileiros mesmo, raíz, somo nós nordestinos, vcs gaúchos são deserdados europeus que vieram pra cá depois da segunda guerra  com uma mão na frente e a outra atrás, pobres, famintos e fodidos, e agora se acham donos dessas terras, tanto que se pudessem instalariam o país das bonbachas, bando de frescos sem noção...",profissional,0,"Espinosa, o principal filósofo português? | Leandro Karnal e José Rodrigues dos Santos",NEGATIVO,
Ugy_RuvHxKTyQzUSjrp4AaABAg,"Dra.Ana Beatriz, o seu livro que fala sobre a psicopatia deveria ser lido por todos os pais e mães, é de uma importância gigantesca ❤",profissional,58,Adolescentes Violentos: Um Sinal de Alerta Urgente! | ANA BEATRIZ,POSITIVO,
Ugyo2SIfoRQPii74g014AaABAg,💙,amador,0,5 sinais de que você é imaturo emocionalmente e não sabe,POSITIVO,
UgwFl8Lb3QB2bWpeW2J4AaABAg,❤,profissional,0,Continue fingindo que nada mudou  #saudemental #reflexão #mudança #autocuidado #tempodecrescer,POSITIVO,
UgwFJL7ftMyfZ7EfYT54AaABAg,"Sei bem essa sensação. Esse fim de ano eu voltei a ter desejos e sonhos. Comecei 2026 com planos, com vontade de me resgatar.",profissional,72,RECUPERE O PRAZER DE VIVER: A cura para o Esgotamento Mental - ANEDONIA,POSITIVO,
UgzGByaqV-kIa3AxcnN4AaABAg,GRATIDÃOOO E GRATIDÃOOO ❤,profissional,0,Estoicismo: a Filosofia da felicidade e do desapego | Leandro Karnal,POSITIVO,
UgxQt21cpBuRIgxCggZ4AaABAg,Que saudade,amador,0,AGRADECIMENTOS FINAIS,NEGATIVO,
Ugw-aTAh6BG0uXV9GMN4AaABAg,Que testemunhos maravilhosos… uma lição de vida,profissional,1,"1ª Live da série especial ""Quando eu cuido de mim"" com Rossandro Klinjey",POSITIVO,
UgwGXzjx7zP44bQ8SzN4AaABAg,"Nos dias que estou assim eu super faço isso. O ato de tomar um banho, colocar uma roupa limpa e bonita, me maquiar, sair  na rua p ir até a padaria e tomar um café lá.. são pequenas coisas que fazem toda a diferença. ☺️🙌",profissional,62,Rossandro Klinjey - Como parar de sentir tristeza?,POSITIVO,
UgysV-tVrJNyPZz9qUp4AaABAg,MAIO DE 2021 E CADÊ TU MULHEEEER 😧🙏❤❤ SAUDADES! Tanto pra ser dito nesse tempo... Voltaaaaa,amador,1,EXPRESSÃO MÁXIMA DO DESCONFORTO | PARTE 2,NEGATIVO,
UgwECF18OLFCkhoJTON4AaABAg,"Ju te sigo desde a casa,mas lá eu não gostava de você kkkkk",amador,0,BBB | Respondendo sobre a minha experiência no Big Brother Brasil,POSITIVO,
UgxHfVuHgOSMw4ANfxp4AaABAg,"Lindo, simplismente lindo.❤",amador,0,TOUR PELO APÊ VAZIO | Diário da Reforma por Juliana Goes,POSITIVO,
UgzZ_H2VGvI5xoaVKKl4AaABAg,"Aaaaahh  !   Fui  enganado  desde  a  infância  .  Tsctsctsc  . . . 😏  Ainda  bem  que  ,  assisti   essa  aula  .  Grato   prof.  Karnal  .  Agora  sei  onde  e  quanto   eu  . . .Huuummm  .  Auto  elogio  ou depreciação   é   chato   né  não  ? 🤭😂🤭 Vaaaleeuu  assim  mesmo   .  Prazer   eu  . 
P.S.   Brincadeira  `a  parte   .  Conteúdo  sempre   muito   bom  . Obrigado  .",profissional,0,O que é ser inteligente hoje? A NOVA INTELIGÊNCIA | Série Profissional do Futuro #2,POSITIVO,
Ugx9TJkXnnzxiB9dvRp4AaABAg,🩵,amador,0,5 sinais de que você é imaturo emocionalmente e não sabe,POSITIVO,
UgzHDfEK9jCim5esndZ4AaABAg,💙💙💙,amador,0,5 sinais de que você é imaturo emocionalmente e não sabe,POSITIVO,
UgwHiEvf-VEWlcg_Q6J4AaABAg,Não sabendo lidar com o fim da melhor série 😭,profissional,0,"Karnal Recomenda: ""This Is Us"" - 6ª temporada | Leandro Karnal",NEGATIVO,
Ugz7YgnUta6YV1OUA1V4AaABAg,💛,amador,0,Desapego: por que soltar é tão difícil?,POSITIVO,
Ugx7AXPsaQ5Mpy0_qSB4AaABAg,Sábias palavras.obrigado,profissional,4,Continue fingindo que nada mudou  #saudemental #reflexão #mudança #autocuidado #tempodecrescer,POSITIVO,
UgwovkKPHMH6DtiNfkB4AaABAg,"Eu te sigo a anos e hoje eu sei o quão estou sentido outra pessoa, a situação é que como posso parar de ter tanto hiperfoco, aí depois quando eu vejo que acelerei demais paro no zero sabe.Esquecer chave 🔑 até hoje não consigo melhorar 😅😅, troco nomes também, esqueço aniversário mesmo colocando alarme.Eu sou um ET AMBULANTE 😂😂❤Você é maravilhosa Bia,como diz a nossa DÉIA,(Andreia Vermont) você e fonte de inspiração ❤",profissional,0,"Aula 1: O Jeito Errado | TDAH, Procrastinação e Foco com Dra. Ana Beatriz Barbosa",POSITIVO,
UgyBDVh6oTUDSKCaj154AaABAg,Te  adimiro,profissional,1,"SIMONE TEBET, MARIA HOMEM | ELEIÇÕES: RETA FINAL (LIVE)",POSITIVO,
Ugzgd2Tbxz7SHOmVqy54AaABAg,"Depois de 72 anos , é que estou aprendendo a dizer não, e ouvir não.",profissional,89,"1ª Live da série especial ""Quando eu cuido de mim"" com Rossandro Klinjey",POSITIVO,
UgxlMFOlrVJliuJWky14AaABAg,Que maravilha esse diálogo das duas! Que grandes mulheres!,profissional,10,"SIMONE TEBET, MARIA HOMEM | ELEIÇÕES: RETA FINAL (LIVE)",POSITIVO,
UgxzWARQeby-h4Jt76B4AaABAg,Não se relacionem mais com homens! Fiquem solteiras! Simples assim!,profissional,0,Feminicídio no Brasil: por que homens odeiam mulheres? | Maria Homem,NEGATIVO,
UgyU1H7YCMXWMzSyIZ94AaABAg,a saudade.,amador,0,Assista quando estiver deprimido,NEGATIVO,
UgwaSd6i4speFgmjrIx4AaABAg,❤,amador,0,ENCERRAMENTO MASSA,POSITIVO,
UgyUAX6MzuimVcgqdY94AaABAg,"Casar pra quê? Pra morrer de trabalhar, servir e abrir mão de um monte de coisas",profissional,141,CASAR PARA QUÊ? | MARIA HOMEM,NEGATIVO,
Ugy0yP-tqS8XgXytY8B4AaABAg,🩵🩵🩵🩵,amador,0,5 sinais de que você é imaturo emocionalmente e não sabe,POSITIVO,
Ugwu85l8JYDzug5TRFt4AaABAg,💜,amador,0,Você tem tudo para estar bem... mas não está.,POSITIVO,
Ugx2qkWgrY2vtPNQ1VB4AaABAg,"Sempre quis ter filho. Não consegui engravidarve então adotei. Lindo e maravilhoso meu filho. Aquela angústia e cobrança interna, pensamentos obssessivos ..tudo passou. Foi a única certeza que tive na vida. Casamento (2),nunca foi fácil. Sempre fiquei em dúvida. Mas filho, isso foi realizante.",profissional,281,CASAR PARA QUÊ? | MARIA HOMEM,POSITIVO,
UgxfBOnxmLPvcJl63lh4AaABAg,Horrível esse caso e imaginar que tudo isso foi e ainda é muito real 😢😢😢😮,profissional,2,Caso Epstein: Como o Sistema Falhou por 14 Anos? | ANA BEATRIZ,NEGATIVO,
UgwqKu-C16aF_u6yvbR4AaABAg,Que horror,profissional,0,Adolescentes Violentos: Um Sinal de Alerta Urgente! | ANA BEATRIZ,NEGATIVO,
UgwM_iM_wx1A-Q9k4WF4AaABAg,"Sou de esquerda, mas quando vi  Simone TEBET na CPI da pandemia. Logo pensei: essa mulher  vai longe",profissional,194,"SIMONE TEBET, MARIA HOMEM | ELEIÇÕES: RETA FINAL (LIVE)",POSITIVO,
Ugz2vRkTS4qCTRNxrvl4AaABAg,"Gente chega dessa porra de depressão vamo malhar pegar peso, ser bunduda e braçuda bora galera, ir pra praia arrumar o cabelo, estudar. Saiam da mente de vcs",amador,1,Assista quando estiver deprimido,NEGATIVO,
UgwJXesU5htF9tTzJ094AaABAg,Eu estou num estado total de consciência sobre essa situação e quase zero condição de vencê-la.,profissional,0,O PERIGO REAL sobre o novo TDAH que ninguém te contou,NEGATIVO,
UgxIdCicGhH1oHz2AOd4AaABAg,LAMENTO MUITO QUE VC NÃO TENHA SE LEMBRADO E NÃO TENHA  COMENTADO SOBRE  O SAMMY....QUE ERA A PESSOA MAIS CARINHOSA DA CASA....🤔,amador,0,BBB | Respondendo sobre a minha experiência no Big Brother Brasil,NEGATIVO,
UgwzWwY7fg9y1tYVXJp4AaABAg,Muito bom!,profissional,0,Rossandro Klinjey - Como parar de sentir tristeza?,POSITIVO,
Ugy1TGA_JjCYEh8_sJ54AaABAg,"A incoerência da frase  "" Deus sabe o que faz . Me tornou  de católica apostólica romana para ateia hoje 2025. . pq Deus permite que uma criança seja estuprada pelo pai ao longo de até os 12 anos de idade e engravidar do próprio pai e não salva essa criança e nem põe um  Alzheimer nesse pai  ou  não põe uma doença grave nesse pai  assim  o deixando livre para cometer tais atrocidades com a filha criança  ? 😢 Sempre questionei o saber católico e a resposta era  "" Deus sabe o que faz ???😢😢😢",profissional,0,Por que sou ateu? Leandro Karnal reage a comentários sobre religião e ateísmo,NEGATIVO,
UgxzCV4MkJiC_8A8aU94AaABAg,que vídeo boooooomm,amador,0,ENCERRAMENTO MASSA,POSITIVO,
Ugw2tbJLzld0yj3vXXV4AaABAg,❤❤❤,profissional,0,Estoicismo: a Filosofia da felicidade e do desapego | Leandro Karnal,POSITIVO,
Ugzh6O576wIp1yScCwh4AaABAg,fico remoendo esse vídeo a tanto tempo que so Deus na causa,amador,1,ENCERRAMENTO MASSA,NEGATIVO,
Ugz6aKSJX8SaMko-2Mp4AaABAg,Simplesmente amando esse canal 🥲🤍,amador,0,Assista quando estiver deprimido,POSITIVO,
UgzPx_AE42V84KVHi_54AaABAg,Eu tive parto normal tem quase 4 meses porém notei minha vagina muito aberta eu olho parece que tou vendo tudo de dentro pra fora da até agonia  tou sessacao de que meus pontos estão aberto moto vagina por fora muito aberta e bolo carne vermelha bem perto do canal vaginal agora tou com medo de ter relações não e tbm noa sinto mais vontade de ter relacao não sei oq. que faco mais,amador,2,O RETORNO DA PEPEKA DEPOIS DO PARTO NORMAL VAGINAL | Juliana Goes,NEGATIVO,
Ugw-ikeb_lYoNZ4BOvN4AaABAg,Saudades 😭,amador,1,EXPRESSÃO MÁXIMA DO DESCONFORTO | PARTE 2,NEGATIVO,
UgzdzWfdPxMstsUKUPp4AaABAg,A falta de sensibilidade vem da própria casa. Será que os pais pensam na coletividade? Filho de peixe peixinho é.,profissional,0,Adolescentes Violentos: Um Sinal de Alerta Urgente! | ANA BEATRIZ,NEGATIVO,
UgwpE-GAPMZNckWK4j94AaABAg,Vídeo novo da joutjout é mais esperado do que filme novo dos Vingadores,amador,232,GIRLS EDUCATION: ELAS QUE LUTAM,POSITIVO,
UgyeovGd8ljqzdjRwaZ4AaABAg,"Ninguém  é  obrigado  à  ter filhos...se a pessoa  não  tem capacidade ou amor ,NÃO TENHA FILHOS.",profissional,422,Adolescentes Violentos: Um Sinal de Alerta Urgente! | ANA BEATRIZ,NEGATIVO,
UgwRBcXLFPV91-StpXR4AaABAg,"❤ ENCANTADA! ❤
SEMPRE ENCANTADA, COM TODA ESTA  SABEDORIA... ME APAIXONEI PELOS TEUS VÍDEOS.
VENHO DE ORIGEM CATÓLICA,
FUI BATIZADA QUANDO ERA BEBÊ, SEM NOÇÃO DE NADA SOBRE A VIDA TERRESTRE.
ADOLESCÊNCIA, PASSEI A PARTICIPAR DE GRUPOS DE JOVENS, ESTUDOS BÍBLICOS E PARTICIPAR DAS MISSAS, PORÉM, SEMPRE ACHEI  CHATO RESAR TERÇO, RAZÃO DE NUNCA TER RESADO.
MUITAS DÚVIDAS TINHA, SAÍ DA IGREJA EM BUSCA DE ALGO MAIS COERENTE,
CONHECI A DOUTRINA ESPÍRITA QUE É  BASEADA EM UMA FÉ RACIOCÍNADA,
PORÉM, NÃO CONSIDERADA RELIGIÃO, MAS UMA FILOSOFIA, UMA CIÊNCIA.
FIQUEI MAIS DE TRINTA ANOS, E CONTINUEI EM BUSCA DE ALGO QUE ME REVELACE OS ENIGMAS QUE ENVOLVE ESTA MATRIX ONDE VIVEMOS PRISIONEIROS.
HOJE ME CONSIDERO AGNÓSTICA, NÃO POSSO PROVAR QUE DEUS EXISTE E NÃO POSSO PROVAR QUE NÃO EXISTE.
ASSIM VOU VIVENDO PROCURANDO SER CORRETA, HONESTA COM MEU SEMELHANTE E TENTANDO ENCONTRAR UM BOM CAMINHO, AGINDO COM RESPEITO E AJUDANDO MEU SEMELHANTE DE ACORDO COM O QUE POSSO, ASSIM COMO SEMPRE FIZ A VIDA INTEIRA.
AMO O MEU JEITO DE SER E TUDO QUE APRENDI E APREENDI AO LONGO DE MINHA VIDA. 
CONTINUO ESTUDANDO, SEI QUE ESTE É O CAMINHO CERTO PARA AMPLIAR NOSSA CONSCIÊNCIA.

Adorei assistir ao vídeo, sempre que oportuno, estarei aqui para assistir outros.
Obrigada.",profissional,0,Por que sou ateu? Leandro Karnal reage a comentários sobre religião e ateísmo,POSITIVO,
UgwZ4iVBZKjg-eqAeJJ4AaABAg,"eu lembro de vc lá, só que quando vi vc na internet (no seu casamento) que foi qnd comecei acompanhar, não ligava que era a mesma pessoa, qnd vc falou ha uns anos fiquei chocada",amador,0,BBB | Respondendo sobre a minha experiência no Big Brother Brasil,POSITIVO,
Ugx1SZg4HChWu5T6Lyt4AaABAg,"Por isso cipó de goiabeira e cinturão continuam cantando em casa. Criança e adolescente com celular como solução dos pais pra substituir responsabilidade é como entregar pro mundo fazer o que quiser com ele que vai se refletir em todo lugar. Nem sempre diálogo vai corrigir como nos filmes americanos, a própria Bíblia fala pra corrigir usando ""vara"" por a criança e adolescente é descontrolado por instinto",profissional,1,Adolescentes Violentos: Um Sinal de Alerta Urgente! | ANA BEATRIZ,NEGATIVO,
Ugz91UIs2jwBQFd6tnN4AaABAg,Amei! Estava pensando nisso hoje e vc acalmou meu ❤️,amador,0,você não é seu desempenho.,POSITIVO,
UgzUKDExCr52QIUkYmZ4AaABAg,"Que linda mensagem no final, obrigada! Por mais pessoas positivas como você e sua família Ju. muitas energias positivas  e bênção pra vocês 🙌🏻💐",amador,0,TOUR PELO APÊ VAZIO | Diário da Reforma por Juliana Goes,POSITIVO,
UgyItkpK_x8tAbbf_uB4AaABAg,Meu Deus 😢,profissional,0,Caso do Piloto Preso Por Chefiar Uma Rede Criminosa | ANA BEATRIZ,NEGATIVO,
UgxDQAV3r_k5-M8bx-B4AaABAg,"Eu demorei pra entender que eu sou a pessoa mais importante da minha vida !!
Aprendi com quase 60 mais  valeu a pena embora pouco tarde !!
Hj continuo sendo amorosa ...carinhosa é ajudando o próximo.mais hj eu penso em mim também eu me.amo...me respeito e só quero pra mim o que me faz bem !!!
Obgda Rossandro aprendi muito com seus ensinamentos !!!
Gratidão eterna!
Bju no seu ❤️",profissional,54,"1ª Live da série especial ""Quando eu cuido de mim"" com Rossandro Klinjey",POSITIVO,
UgyD50E_pt0qlCi-SB14AaABAg,"Pronto, agora eu sei o  que tenho e não sei como me tratar, obrigado por me deixar mais aflito.",profissional,1,Como superar a exaustão e ansiedade da Geração 40+ SEM Desespero,NEGATIVO,
UgwqLUNMQxaE94Ib_Id4AaABAg,💛,amador,0,Como resgataria meu amor-próprio,POSITIVO,
UgzlayPuPIbGuzaN1TR4AaABAg,🩵💙🩵💙,amador,0,5 sinais de que você é imaturo emocionalmente e não sabe,POSITIVO,
UgxDr5qBTXTWjOLh8rR4AaABAg,"Aaah que lindaa
Nossa total!!! Tenho um ciclo de amigos que não sei como digo pra eles que eu tô em outra vibe... com certeza todos percebemos que esfriou, mas ninguém nos roles forçados admite que o que um dia a gente viveu, é passado agora. 🥲",amador,1,como fazer amigos depois do isolamento (e paranóias de ser chata),POSITIVO,
UgwCbuomR4eYPSUw04F4AaABAg,"❤ Campanha que mantém esse canal no ar: https://apoia.se/ludoviajante ❤
12 meses de trampo, evitei IA o máximo que pude, contratei 3 artistas pra ajudar (créditos na descrição). Obrigado a vocês que tornam esse canal possível, seja assistindo ou apoiando! Agora com licença que o pai precisa por o sono em dia 😴 rapaz to até zonzo

PS: ativem o sino pra serem avisados do próximo video!!! (que virá em menos de 1 ano, ou meu nome não é orfeuzinho)",amador,5972,Pra você que pensa e sente demais | A filosofia da ansiedade,POSITIVO,
UgyLjjCCDqtyhLx6ypZ4AaABAg,"Sinto sua falta Júlia, o mundo anda tão difícil… suas visões de mundo confortavam o coração.",amador,1,AGRADECIMENTOS FINAIS,NEGATIVO,
UgwsYkChJeoAhLBA2kV4AaABAg,"É muita gentileza sua falar sobre isso. Ainda não tive filhos, mas adoro saber sobre esses assuntos,  para não ter medo quando for minha vez. Muito obrigada por ser essa amiga que compartilha informações.  💖",amador,205,O RETORNO DA PEPEKA DEPOIS DO PARTO NORMAL VAGINAL | Juliana Goes,POSITIVO,
Ugz5ADyZ0rRAR1VDyIV4AaABAg,"Quando o entrevistador conhece profundamente não só o tema, mas a obra do entrevistado, o resultado é tão apurado!
Como me faz bem ouvi-los!",profissional,78,"Espinosa, o principal filósofo português? | Leandro Karnal e José Rodrigues dos Santos",POSITIVO,
UgyeC8M1U0-KSYv0BSd4AaABAg,"Feliz por você, Ju. Essa casa é a cara de vocês, a família vai curtir bastante. Bj no ❤",amador,0,TOUR PELO APÊ VAZIO | Diário da Reforma por Juliana Goes,POSITIVO,
UgyLj9dLWFk8EIBAkyx4AaABAg,Já vi as 5😊👍🏻🥰,profissional,0,"Karnal Recomenda: ""This Is Us"" - 6ª temporada | Leandro Karnal",POSITIVO,
UgwTzE6VFn4j4TQOjT54AaABAg,""" A infância é o chão que vamos pisar a vida toda"" ., enquanto houver crimes,contra crianças,o mundo não mudará, porque as crianças são os adultos de amanhã!!!...",profissional,1,Caso do Piloto Preso Por Chefiar Uma Rede Criminosa | ANA BEATRIZ,NEGATIVO,
UgzrmnEOCuE1QwiFdil4AaABAg,Vim aqui emocionadíssima pq acabei de descobrir que a Jout teve neném e é mãe agora 🥹🤍😭,amador,218,AGRADECIMENTOS FINAIS,POSITIVO,
UgwngMexnAyn4VyoFYV4AaABAg,Estamos com saudades,amador,0,GIRLS EDUCATION: ELAS QUE LUTAM,NEGATIVO,
UgwiLSbP7wR8tVBfvG54AaABAg,Deixa de ser tonto😂😂😂😂. Bem que eu quero!❤,profissional,0,3 Pistas para Descobrir a Causa da Sua TONTURA,POSITIVO,
UgzIeGtDWBshhpj30rx4AaABAg,"Eu sei que menina vc ta falando... tava quase caindo no papo dela. Obrigada Ellora, n via video seu a anos!",amador,0,você não é seu desempenho.,POSITIVO,
UgzxS8_Js8XyJXQDtgd4AaABAg,💜,amador,0,Você tem tudo para estar bem... mas não está.,POSITIVO,
UgwqXhg7Fl-KKuPmdjd4AaABAg,"meu Deus, para mim também foi na faculdade",amador,0,Assista quando estiver deprimido,NEGATIVO,
UgxTzdl6xucgsLe0Ed54AaABAg,"Narcisistas daoa demônios q  receberam a misericórdia divina para estarem dente plano e geralmente encarnam com pessoas mais evoluídas para aprenderem o amor,  o perdão etc... mas raramente aprendem, quem realmente aprende sao as suas vitimas a serem resilientes, terem compaixão e amor próprio. O universo sempre trabalha pela evolução as pedras em nosso caminho são o q nos permite evoluir  ❤  Trabalhemos em nós e deixe q estes demônios se entendam com a LEI MAIOR de AÇÃO E  REACAO  ❤❤❤",profissional,0,O que fazer quando o narcisista convive com você? #98,POSITIVO,
UgyjdeWdWEIWoCAlM7N4AaABAg,Eu ainda estou aqui por tras de todo caos em que a vida se fez.... 😭 saudade q num cabe no peito,amador,1,EXPRESSÃO MÁXIMA DO DESCONFORTO | PARTE 2,NEGATIVO,
UgwVRk5OqponT7ZBSFZ4AaABAg,💜❤️,amador,0,Você tem tudo para estar bem... mas não está.,POSITIVO,
Ugzoq9YVr2SdpxFRMbV4AaABAg,vídeo ótimo,profissional,0,Amor aos pets: a relação entre seres humanos e animais na História,POSITIVO,
UgxI_8165j57Rdc82yl4AaABAg,"Pior é quando o sexo por si só já é sinónimo de vitima. O caso da Taís aqui no brasil que matou o namorado e só ficou 7 meses na cadeia, vários outros casos semelhantes. Aqui não é bem diferente.",profissional,0,O Caso Epstein: Quando o Poder Compra a Justiça | ANA BEATRIZ,NEGATIVO,
UgxSEl0JU-8V_hb6MDN4AaABAg,"Eu acredito que, quando uma pessoa dá mais importância à um animal do que para um ser humano, na verdade ela está perdendo sua humanidade. Animal é animal, nunca pode ir além disso, tratar animais no mesmo nível que se trata um ser humano, é loucura.",profissional,0,Amor aos pets: a relação entre seres humanos e animais na História,NEGATIVO,
UgxS-StL6PuiRSchaSF4AaABAg,Terminei de assistir a série ontem.. os ultimos episódios eu quase não consegui assistir... tava morrendo de tanto chorar,profissional,0,"Karnal Recomenda: ""This Is Us"" - 6ª temporada | Leandro Karnal",NEGATIVO,
UgwK7MvEy9AMj3ocBqF4AaABAg,Eu amei essa série ❤❤❤❤,profissional,0,"Karnal Recomenda: ""This Is Us"" - 6ª temporada | Leandro Karnal",POSITIVO,
UgwTYZiB7DvuG1LaR614AaABAg,"Volta caralho, que porra.",amador,0,GIRLS EDUCATION: ELAS QUE LUTAM,NEGATIVO,
UgyZz_evRK6bJUANqbR4AaABAg,"Julia cadê você? Temos muito o que falar. E fazer, as coisas sempre mudam. e queria ver como esta sendo essa mudança. Bjs",amador,0,EXPRESSÃO MÁXIMA DO DESCONFORTO | PARTE 2,NEGATIVO,
UgzZMYHxbCtEY23eGPx4AaABAg,Magnífico,profissional,0,Por que sou ateu? Leandro Karnal reage a comentários sobre religião e ateísmo,POSITIVO,
UgzYfrny3d6DfIcTa5N4AaABAg,"A fisioterapia te agradece tanto Ju!! Já vi várias vezes você valorizando e incentivando as pessoas a se informarem sobre. 
Muito lindo da sua parte ❤️",amador,74,O RETORNO DA PEPEKA DEPOIS DO PARTO NORMAL VAGINAL | Juliana Goes,POSITIVO,
UgyXtzDXFuMrFoQVF-d4AaABAg,"A falta de conhecimento é que te fez atoa, o cristão é constituído de conhecimento e fé. E não tem como retroceder.",profissional,0,Por que sou ateu? Leandro Karnal reage a comentários sobre religião e ateísmo,NEGATIVO,
UgxNydL_KDqA9NJ5euF4AaABAg,💛,amador,0,Desapego: por que soltar é tão difícil?,POSITIVO,
UgyGZmFB3xoXBwbcABZ4AaABAg,"Seus vídeos sempre são incríveis, mas, este em especial, fez muito sentido pra mim.
Tive um quadro depressivo grave quando usei Ozempic e quando vc falou do papel do GLP1 no nosso cérebro.... finalmente eu entendi pq me senti daquela forma 
obrigada",profissional,0,RECUPERE O PRAZER DE VIVER: A cura para o Esgotamento Mental - ANEDONIA,POSITIVO,
Ugyu0sHKpoR135GSF_F4AaABAg,"Eu me autorizei. Me libertei. Primeiro, deixando de ser católico. Depois, de ser cristão. E por último, me tornei ateu.",profissional,90,SER HOMOSSEXUAL É PECADO? | MARIA HOMEM,POSITIVO,
UgzalAG4-6XdbQTVVMp4AaABAg,💛💛💛💛,amador,0,Desapego: por que soltar é tão difícil?,POSITIVO,
Ugyv4mf-2OOZMM4TSYh4AaABAg,"Brother, primeiramente, você criou uma arte que realmente me tocou. Obrigado. Fazia muito tempo que eu lutava contra certas coisas. Assistindo ao vídeo, eu ri bastante, senti medo e coragem.

Uma única crítica que eu posso fazer é que os “comerciais” que você adicionou ao vídeo reduzem, de certa maneira, o impacto da sua história. Talvez haja outro jeito.

De qualquer forma, muito obrigado :D",amador,1,Pra você que pensa e sente demais | A filosofia da ansiedade,POSITIVO,
UgxIN6ATyBC52I_bLU54AaABAg,Top,profissional,0,Estoicismo: a Filosofia da felicidade e do desapego | Leandro Karnal,POSITIVO,
Ugyu5QsgPenoNyKLEI94AaABAg,"Todos querem vender cursos, te ensinar algo... Está cansativo, parece que estão todos iguais.",amador,0,você não é seu desempenho.,NEGATIVO,
UgwFIgHUFzVnf7NQzAJ4AaABAg,Tanto tempo e vc ainda não voltou... e eu estou aqui ainda ESPERANDO! até já revi os meus vídeos favoritos.... já deu o tempo já,amador,1431,GIRLS EDUCATION: ELAS QUE LUTAM,NEGATIVO,
UgygrgsDnnMveD-bAnd4AaABAg,❤,profissional,0,Como superar a exaustão e ansiedade da Geração 40+ SEM Desespero,POSITIVO,
UgzNyIYUIImsl0_0gXh4AaABAg,Estou no processo de mudança,profissional,1,"1ª Live da série especial ""Quando eu cuido de mim"" com Rossandro Klinjey",POSITIVO,
UgzCqSf740G2NflPOG94AaABAg,"Obrigado por essas dicas preciosas,  Deus te abençoe,  já vou colocar em prática esse precioso aprendizado",profissional,0,Rossandro Klinjey - Como conviver com pessoas abusivas e tóxicas,POSITIVO,
Ugx3N9It7M3rfaVI4554AaABAg,💔😔,amador,0,Assista quando estiver deprimido,NEGATIVO,
UgxAL04MGj_re8gMXfF4AaABAg,"Muito obrigada professor Karnal. Sou psicóloga venezuelana e desde muito jovem, questionei os rígidos conceitos da psicología tradicional sobre inteligência. Estou convencida do potencial humano.",profissional,0,O que é ser inteligente hoje? A NOVA INTELIGÊNCIA | Série Profissional do Futuro #2,POSITIVO,
UgzRumpRN00lDnGo3254AaABAg,"Meu circulo de amigos diminuiu drasticamente, eu tive uma amiga que eu considerava uma irmã mas ela quebrou a minha confiança e agora não consigo fazer novas amizades, parece que a qualquer momento vai acontecer de novo, é horrível não confiar nas pessoas, mas estou tentando mudar. Amei seu vídeo💖 Ahhh e eu sou igual a vc, não sou de ficar mandando msg direto kkkkkkk 😂😂😂😂😂",amador,119,como fazer amigos depois do isolamento (e paranóias de ser chata),POSITIVO,
Ugx-BxQtrm_jXMAK4aV4AaABAg,"Chocada!!! Não sabia que tinha participado nem que era a guria que desmaiou, ai gente KKKKK",amador,387,BBB | Respondendo sobre a minha experiência no Big Brother Brasil,POSITIVO,
UgwoswIKWMu7G5_yS0x4AaABAg,💛,amador,0,Como resgataria meu amor-próprio,POSITIVO,
UgzU4oohUD4ZmTsgWxt4AaABAg,"Tudo é sofrimento. Casado, ou não.",profissional,294,CASAR PARA QUÊ? | MARIA HOMEM,NEGATIVO,
UgzqnD5x_EoTy0ms_WZ4AaABAg,"O perdão antes de ser um ato de amor, é um ato de inteligência",profissional,79,Quem te machucou não merece sua energia #saudemental #reflexão #mudança #autocuidado #tempodecrescer,POSITIVO,
Ugz60fNQ8jVgV2pLbkx4AaABAg,Conheci seu trabalho agora e digo que coisa mais linda isso tudo.,amador,0,"estar pronta é uma decisão, não um sentimento",POSITIVO,
Ugxd2Im6lR8ACeP1gTV4AaABAg,Muito boa explanação !,profissional,0,Estoicismo: a Filosofia da felicidade e do desapego | Leandro Karnal,POSITIVO,
UgyQvcZkioFsD6htVQR4AaABAg,"Sim, Ju! A fisioterapia pélvica é importante em todos os estágios da gravidez, no puerpério também. Inclusive se tivesse feito durante a gravidez poderia ter evitado a laceração. Mas vale ressaltar, não é só para grávidas, mas para mulheres e homens!!",amador,75,O RETORNO DA PEPEKA DEPOIS DO PARTO NORMAL VAGINAL | Juliana Goes,POSITIVO,
UgyBrRMeO38uziwvTn94AaABAg,"Só pra constar que sinto falta desse canal, MUITA FALTAAAAAAAAAAAAAAA :(",amador,1,AGRADECIMENTOS FINAIS,NEGATIVO,
UgyhwpP5hvY__nHDfxB4AaABAg,"Hoje, essa jovem senhora, é  uma das mulheres mais bonitas do Brasil. Se vir candidata em 26, podes crê, estaremos juntos  ❤️ .",profissional,2,"SIMONE TEBET, MARIA HOMEM | ELEIÇÕES: RETA FINAL (LIVE)",POSITIVO,
UgwRwP0MGj9l24dHeVB4AaABAg,Ser humano daqui um tempo vai colocar as maquinas para viver por ele.,profissional,0,Leandro Karnal desafia o ChatGPT,NEGATIVO,
UgwWiu_-OLxm5AXIpjF4AaABAg,"Eram dois meses, já faz um ano 😞",amador,1,EXPRESSÃO MÁXIMA DO DESCONFORTO | PARTE 2,NEGATIVO,
UgzXw4FdbB2U6kp0rvp4AaABAg,"Até em família existem pessoas que sempre me colocaram para baixo! Conheci a doutrina, e me forteleci❤ 
Mesmo assim, peço orações ❤",profissional,58,Continue fingindo que nada mudou  #saudemental #reflexão #mudança #autocuidado #tempodecrescer,POSITIVO,
UgyYNIMLMyDpRSn5XDB4AaABAg,"Não existe justiça, pelo menos não a humana. Só julga o que lhe convém 🫤",profissional,269,Caso Epstein: Como o Sistema Falhou por 14 Anos? | ANA BEATRIZ,NEGATIVO,
UgwVn_sguyBlaCzhsDJ4AaABAg,💛,amador,1,Assista quando estiver deprimido,POSITIVO,
UgwtCvDEWZUhiYGECkV4AaABAg,Obrigado,amador,0,"estar pronta é uma decisão, não um sentimento",POSITIVO,
UgweG3IIdSTnyE9nQi94AaABAg,O mais impressionante nisso tudo é que deram cabo dele antes dele dar nomes,profissional,0,O Caso Epstein: Quando o Poder Compra a Justiça | ANA BEATRIZ,NEGATIVO,
UgyKMzqqZuUStF-0mvZ4AaABAg,Convivo com um assim sao  pessoas que no decorrer da sua vida andarao em lugares caregados de cargas negativas andarao com pessoas caregadas de energia ruim se envolverao com pornografia bebidas pessoas que so se envolverao com pessoas e lugares de trevas so. Deus pra quebrar tudo isso so Deus na vida dessas pessoas pq estao em trevas estao na escuridão,profissional,0,O que fazer quando o narcisista convive com você? #98,NEGATIVO,
Ugx8zifoudyykzVEh8V4AaABAg,Gratidão ❤,profissional,0,O PERIGO REAL sobre o novo TDAH que ninguém te contou,POSITIVO,
Ugwta-KLEi9X3h74C8R4AaABAg,🤍✨️,amador,0,"estar pronta é uma decisão, não um sentimento",POSITIVO,
UgwIK2eMLnFd89tpFuR4AaABAg,O ruim da laceração é q tem médico fdp q faz o “ponto do marido” pra deixar “mais apertada” pro marido ignorando completamente q a mulher vai sentir mta dor. Além dos pontos necessários eles acrescentam um “extra”. Se já é difícil pra mulheres q não sofrem com esse ponto desnecessário imagina pra quem sofre?,amador,141,O RETORNO DA PEPEKA DEPOIS DO PARTO NORMAL VAGINAL | Juliana Goes,NEGATIVO,
Ugy0tYANQQBsTKAgBnh4AaABAg,"Trabalha, almoça no trabalho,pagar boletos,folga domingo tem hora que abusa",amador,0,Assista quando estiver cansado da vida | A filosofia de Sartre,NEGATIVO,
UgxSyM8Ft0Yfqco1Dx14AaABAg,"Acho que a melhor coisa é não ter expectativa. Como diria o CORTELA, A felicidade é a realidade menos a expectativa.",profissional,0,"SAÚDE MENTAL NO TRABALHO | Série ""Profissional do Futuro”",POSITIVO,
UgyZkZN913ajI-zR7JJ4AaABAg,"Esse vídeo é um abraço em muitas mulheres, Ju! Porque muitas não tem coragem de conversar sobre isso nem  com profissional. ❤",amador,123,O RETORNO DA PEPEKA DEPOIS DO PARTO NORMAL VAGINAL | Juliana Goes,POSITIVO,
UgyGA1993f6r858TV8R4AaABAg,Consigo imaginar com asco sim pq sou professora e vejo os alunos viciados em jogos online pornografia e violência! E os pais omissos!,profissional,0,Adolescentes Violentos: Um Sinal de Alerta Urgente! | ANA BEATRIZ,NEGATIVO,
UgypeydhVEUmX_z4wiN4AaABAg,Obrigada pelo vídeo ⭐⭐⭐⭐⭐💖,amador,0,"estar pronta é uma decisão, não um sentimento",POSITIVO,
UgzHdRWqf3AQT4I7U8J4AaABAg,"""A única alegria maior que a de ser pai é e a de não ser.""

- Renan de Almeida",profissional,299,CASAR PARA QUÊ? | MARIA HOMEM,POSITIVO,
UgyVNunfX5OjoyUz0wV4AaABAg,"Jout jout porque vc sumiu??😧
Seus vídeos são necessários",amador,0,GIRLS EDUCATION: ELAS QUE LUTAM,NEGATIVO,
UgwNxE6oLBtXmX7zr8F4AaABAg,"Era não, esse homem  tá  bem vivo,e deve estar  escondido aqui  no Brasil em algum  condomínio",profissional,0,O Caso Epstein: Quando o Poder Compra a Justiça | ANA BEATRIZ,NEGATIVO,
UgxGrlCF7XeEc89Md2Z4AaABAg,Bárbaro! Sensacional! 🙌🏻!,profissional,0,Rossandro Klinjey - Como parar de sentir tristeza?,POSITIVO,
Ugz-jLwoB8BTxQ3eNDh4AaABAg,"dia 1 comentando sobre a minha vida até o ludo voltar
 hj eu terminei de cortar os recortes p journal falta só contornar td e eu consegui meu quarto de volta",amador,0,Assista quando estiver cansado da vida | A filosofia de Sartre,POSITIVO,
UgxLtHRJ31OOlwvl0Bd4AaABAg,Juuu! Parabéns! Lindo lugar! Desejo muitas felicidades!❤️😘😘😘,amador,0,TOUR PELO APÊ VAZIO | Diário da Reforma por Juliana Goes,POSITIVO,
UgwB13EXCGF1_tB3dgN4AaABAg,Gratidão ♡,amador,0,"estar pronta é uma decisão, não um sentimento",POSITIVO,
Ugxu0gi_sR51H1KNShR4AaABAg,Eu não aguento mais eu convivo com um narcisistas tô sufocada não aguento mais,profissional,2,O que fazer quando o narcisista convive com você? #98,NEGATIVO,
UgwTuwlkSiHHPErDm814AaABAg,"Tenho trabalhado com um Instagram sobre conteúdo autoral (tirinhas, poesias) e esse vídeo final da JoutJout fez todo o sentido pra mim. O “material” o “entorno”.. sinto falta disso hoje, depois de 4 anos muito focada em uma página, likes, comentários… cheguei a quase me perder do “eu” real, do quotidiano simples. Bom saber que é um sentimento normal ❤",amador,5,ENCERRAMENTO MASSA,POSITIVO,
Ugw_hsDCxAqxUGID9cR4AaABAg,Amém,amador,0,Desapego: por que soltar é tão difícil?,POSITIVO,
UgyNSKD2RNNpouOgdT14AaABAg,Concordo.,profissional,1,Quem te machucou não merece sua energia #saudemental #reflexão #mudança #autocuidado #tempodecrescer,POSITIVO,
UgzFcVTh-t4AXuuMu_94AaABAg,QUE SAUDADE!,amador,0,ENCERRAMENTO MASSA,NEGATIVO,
UgxFelKFmFBjyzIV9up4AaABAg,Excelente!!! Muito obrigada. ❤ T admiro demais.,profissional,0,Aula 2: O Jeito Certo de lidar com o TDAH - Dra. Ana Beatriz Barbosa,POSITIVO,
UgxtzfHvsVJzqecssuB4AaABAg,eu já perdi as contas de quantas vezes eu já voltei aqui.,amador,122,Como a vida moderna destrói seu foco - e o que fazer | Geração TDAH,POSITIVO,
UgzCKKp1w4pKQUM2Vh54AaABAg,"Eu pensei a mesma coisa ontem do mesmo canal acredito. É muito triste, porque as pessoas vão perdendo a essência pra ser mais do mesmo",amador,0,você não é seu desempenho.,NEGATIVO,
Ugwkln97bbIxKnTRwD14AaABAg,"Gente, essa série é perfeita. O que eu já curei em mim depois dela não está escrito. Amo de paixão 💕",profissional,121,"Karnal Recomenda: ""This Is Us"" - 6ª temporada | Leandro Karnal",POSITIVO,
Ugx_s9htExLDFk8zIxJ4AaABAg,Perdoar alguém é se livrar do peso da maldade e viver em paz consigo mesmo.,profissional,349,Quem te machucou não merece sua energia #saudemental #reflexão #mudança #autocuidado #tempodecrescer,POSITIVO,
UgzuRkma2qBCpH2Gl-54AaABAg,"""Eu gosto muito do meu trabalho, mas gosto muito mais de mim"". É isso! Vou pegar essa lição.",amador,1,27 lições com 27 anos,POSITIVO,
UgxiuHuRprtDfL_TiJx4AaABAg,Linda análise.Gratidao!,profissional,0,Amor aos pets: a relação entre seres humanos e animais na História,POSITIVO,
UgydVMqIxLC-_2v77_p4AaABAg,💛 aqui frederico,amador,0,Desapego: por que soltar é tão difícil?,POSITIVO,
Ugyj28YRKgT1trnXA954AaABAg,Show!,profissional,0,Por que sou ateu? Leandro Karnal reage a comentários sobre religião e ateísmo,POSITIVO,
Ugxy2Prlp0SKEwloMuB4AaABAg,"Chorando demais com esse vídeo porque eu estou em um luto de um relacionamento,  uma família,   uma história e expectativas e percebi que de fato, fiz oque eu pude..",amador,2,Desapego: por que soltar é tão difícil?,NEGATIVO,
UgywC8aJyRSAQtKwTrd4AaABAg,e ela nao  volta mais?,amador,0,Pra você que pensa e sente demais | A filosofia da ansiedade,NEGATIVO,
UgygQq5NY8irFF8GsCd4AaABAg,"O José Rodrigues dos Santos não passa de um jornalista mercantil que vive de propagar sensacionalismo e mentiras. O livro dele é miseravelmente medíocre e vídeos como este, que propagam leituras inadequadas de Espinosa, são igualmente miseráveis. Toda esta mediocridade cairá no abismo do esquecimento. Apenas a Verdade prevalecerá no Tempo. A Energia de Einstein é a substância de Espinosa. Deus Sive Natura.",profissional,0,"Espinosa, o principal filósofo português? | Leandro Karnal e José Rodrigues dos Santos",NEGATIVO,
UgwDfFbZ3Q37I9Qkp9h4AaABAg,"A pandemia me trouxe essa doença, e hoje faço tratamento.",profissional,0,"SAÚDE MENTAL NO TRABALHO | Série ""Profissional do Futuro”",NEGATIVO,
UgyAjmUMT7EV4b4FfZt4AaABAg,"As vezes me sinto imatura demais e acho que as pessoas me vêem assim , fiz 40 anos , mas gosto de fazer meme brinca com os animais e crianças etc , em algumas situações choro e faço um drama .. mas para muitas coisas sou madura",amador,1,5 sinais de que você é imaturo emocionalmente e não sabe,NEGATIVO,
UgwKIPgVMdzNbI0gso14AaABAg,"Meus erros me sabotaram, e eu achando que precisava provar algo pra mim ou pros outros.....e o resultado foi ter reações ruins, família triste, se afastando de mim....e hj peço perdão...mas deixei mágoas",profissional,0,Faça o seu teste da autoestima! Aula 01 | Oficina Autoestima Curativa,NEGATIVO,
Ugyvri-cUSaxzIxmFQp4AaABAg,ellora muito obrigada por esse vídeo! eu realmente tava precisando...,amador,3,como fazer amigos depois do isolamento (e paranóias de ser chata),POSITIVO,
Ugzsn1Dj6zXmtQ8zYzN4AaABAg,Essa pausa ja faz 1 ano,amador,1,EXPRESSÃO MÁXIMA DO DESCONFORTO | PARTE 2,NEGATIVO,
UgwL4CsPLFuxssHbZ6Z4AaABAg,💜,amador,0,Você tem tudo para estar bem... mas não está.,POSITIVO,
Ugxwx2CpZQ3l75rcO9B4AaABAg,"Eu sempre tive dificuldade em relacionamentos interpessoais. Parei de ver alguém no dia-a-dia = acaba o assunto e esfria a amizade. Essa pandemia me trouxe muito para pensar no sentido de amizades, e só de pensar em me esforçar por alguém me traz desânimo. Muito obrigado pelas dicas, mas quer saber mesmo, do fundo do coração? Fica pra próxima, continuo a nadar, tenha alguém ao lado ou não.",amador,51,como fazer amigos depois do isolamento (e paranóias de ser chata),NEGATIVO,
UgyTbBTmY1fjD8xUZRZ4AaABAg,"Olá Fred, tenho um grave problema com a auto cobrança, sinto que nunca descanço, principalmente nos momentos de lazer onde deveria desnçar e relaxar, sinto um peso de culpa que poderia estar fazendo algo produtivo ao inves de relaxar. Se um dia pensar em fazer um video sobre o assunto serei muito grato!
Seus videos me ajudam todo os dias a me tornar alguém melhor! Muito obrigado!",amador,0,Como resgataria meu amor-próprio,POSITIVO,
Ugx-RJTgqxeZ48ukzE54AaABAg,"não sei porquê você se foi, tantas saudades eu senti",amador,1,EXPRESSÃO MÁXIMA DO DESCONFORTO | PARTE 2,NEGATIVO,
UgwqIY6JYnp2EL52gWl4AaABAg,"💛Muito bom! Conhecendo o canal hoje, adorando!!!!",amador,0,Como resgataria meu amor-próprio,POSITIVO,
UgzkCjNIemmhs1efLad4AaABAg,"Tava necessitada desse vídeo!!

Ando me sentindo muuito sozinha... desde q a pandemia começou me afastei mto das pessoas e ai agr n sei mais voltar, n sei puxar assunto, n sei oq falar nem como falar!! Pra ajudar me afastei de uma amiga muito proxima oq consequentemente me afastou do gp q a gnt tinha juntas e agr eu to sozinha... e sla ao mesmo tempo q n faz falta FAZ. N sei explicar mas estar sozinha foi bom por um tempo mas agr só ta muito chato e muito vazio.
Eu vejo as pessoas q eu conheço saindo junto com os seus grupinhos, interagindo nas redes, viajando juntos e eu me pergunto porque eu não consigo estabelecer relações assim?! O pq de eu n me encaixar e n conseguir manter ngm na minha vida..... mas enfim, sla",amador,15,como fazer amigos depois do isolamento (e paranóias de ser chata),NEGATIVO,
UgypZOgrcCfxolUK2TN4AaABAg,Como é difícil perdoar. Zerar. Parece ser impossível de conseguir isso.,profissional,0,Quem te machucou não merece sua energia #saudemental #reflexão #mudança #autocuidado #tempodecrescer,NEGATIVO,
Ugxx8zxFfLMcejBETtZ4AaABAg,💜💜💜,amador,0,Você tem tudo para estar bem... mas não está.,POSITIVO,
UgxqqZPFxjkW41IW7wF4AaABAg,Parabéns senadora Simone apoio Lula 13 sim nó segundo turno prá ajudar diministrar ó nosso Brazil pra defender ós cue mais sofre e passa nessesidade,profissional,0,"SIMONE TEBET, MARIA HOMEM | ELEIÇÕES: RETA FINAL (LIVE)",POSITIVO,
UgwIWh4-xWeWJ5_KVaZ4AaABAg,"Muito bom trabalho. Parabéns, professor. Isto é jornalismo, onde o entrevistado tem a palavra. https://noite-em-paris.blogspot.com/?m=0",profissional,0,"Espinosa, o principal filósofo português? | Leandro Karnal e José Rodrigues dos Santos",POSITIVO,
Ugyd_oad5iZ3BGVGTcd4AaABAg,"è muito dificil desapegar...  essa pessoa me proporcionou na minha vida tantas emoções e sentimentos incriveis que eu nunca vivi antes, de uma forma que eu faria qualquer coisa por essa pessoa... ( LGBT)",amador,0,Desapego: por que soltar é tão difícil?,NEGATIVO,
UgyrEWLQTSYzhHj50i14AaABAg,"Entendo o que vc está passando, Aqui em casa estou faltando enlouquecer, desde os 20 dias do meu filho que agora vai fazer 7 meses que não sei o que é dormir. Foram gases, cólicas, disquesia, como os desconfortos não passaram após os 5 meses estamos investigando APLV e ele está com refluxo. Meu filho não dorme direito nem durante o dia e nem durante a noite. Me mudei de MG no final da gravidez para João Pessoa- PB acompanhando esposo a trabalho, não conheço ninguém aqui e não tenho rede de apoio. Estou exausta, não sei mais o que fazer e infelizmente não tenho como contratar os serviços de um terapeuta do sono. Pro meu filho dormir mais ou menos no dia tenho que parar tudo que estou fazendo e deixar ele dormir no colo, se não for assim ele não dorme hora nenhuma.",amador,0,MEU FILHO NÃO DORME | SONO DO BEBÊ por Juliana Goes,NEGATIVO,
UgxYmW0w0UaPpGAjncJ4AaABAg,ESTOU ficando muito interessado no pensamento Estoico.,profissional,0,Estoicismo: a Filosofia da felicidade e do desapego | Leandro Karnal,POSITIVO,
UgwUdkWlB3orQiUGZDl4AaABAg,Meu DEUS que lugar lindo!!! Parabéns,amador,0,TOUR PELO APÊ VAZIO | Diário da Reforma por Juliana Goes,POSITIVO,
UgzG8BKmCtJiXfr5jet4AaABAg,ellora….. nós somos iguais 😳😳😳,amador,0,como fazer amigos depois do isolamento (e paranóias de ser chata),POSITIVO,
Ugzf4Lo6gbhmiUHbbqN4AaABAg,Que lindo seu sentimento de gratidão 😍,amador,0,TOUR PELO APÊ VAZIO | Diário da Reforma por Juliana Goes,POSITIVO,
UgyKv5sffVzvLi-DtmV4AaABAg,💙,amador,0,5 sinais de que você é imaturo emocionalmente e não sabe,POSITIVO,
UgxG7qWhia043TZ92dF4AaABAg,"Eu estava precisando ouvir essa mensagem, passando por uma transição de carreira e as vezes fico nesse esperança do sentimento de estar pronta, e parando para pensar acho que tudo que tentei até hoje, nunca estive pronta.
Obrigada pelo relato me encorajou a seguir em frente tentando sem esperar por esse momento que talvez nunca chegue.",amador,0,"estar pronta é uma decisão, não um sentimento",POSITIVO,
Ugz7bTACdtxMcJl9rd14AaABAg,"Ju estou grávida, porém tenho medo horrível, assim do parto natural, é minha segunda gestação, meu primeiro filho nasceu por cesariana.",amador,0,O RETORNO DA PEPEKA DEPOIS DO PARTO NORMAL VAGINAL | Juliana Goes,NEGATIVO,
UgxrQEEqxD4Qt42qccJ4AaABAg,💛,amador,0,Desapego: por que soltar é tão difícil?,POSITIVO,
UgycAvlRHF97q5EyNN14AaABAg,💛,amador,0,Desapego: por que soltar é tão difícil?,POSITIVO,
UgzUrqAv5UVzxL68eU94AaABAg,Concordo!,profissional,5,Continue fingindo que nada mudou  #saudemental #reflexão #mudança #autocuidado #tempodecrescer,POSITIVO,
UgzjTtT2Yn1Qyc6wqgR4AaABAg,Respeitá-las mas não trazê-las para seu convívio. Manter um afastamento necessário🦋✨🙌🏻,profissional,0,Rossandro Klinjey - Como conviver com pessoas abusivas e tóxicas,POSITIVO,
UgzDeZ6fGOnwXYUdevx4AaABAg,"Nossa, eu torcia tanto Ju! Sempre admirei demais ❤❤❤",amador,0,BBB | Respondendo sobre a minha experiência no Big Brother Brasil,POSITIVO,
Ugy3Y8AIIMCx5Pl2jrV4AaABAg,Em 14:53 tem uma grande observação do Karnal. Saber que o Nietsche não é nosso contemporâneo já faz o Chat GPT mais esperto que a maioria dos humanos.,profissional,0,Leandro Karnal desafia o ChatGPT,POSITIVO,
Ugy5qum2_-3AqkKpJOt4AaABAg,em paises do dito 3ro mundo ainda tem.muitos animais jogados na rua.,profissional,0,Amor aos pets: a relação entre seres humanos e animais na História,NEGATIVO,
Ugwap3zi9lvy4FsxHIt4AaABAg,"Isso serve para a família, inclusive ❤",profissional,58,Continue fingindo que nada mudou  #saudemental #reflexão #mudança #autocuidado #tempodecrescer,POSITIVO,
UgxpCw9DFSlCFmZQB914AaABAg,Obrigada. 🥰,amador,0,você não é seu desempenho.,POSITIVO,
UgyhuxtMwylH1EpU8DB4AaABAg,Quem veio matar a saudade pós podcast do Chico!? Que saudosismo!,amador,394,ENCERRAMENTO MASSA,POSITIVO,
Ugx9U0ViTgJlBr3rEP14AaABAg,"Professor Leandro, é digna de admiração a elegância com que o senhor responde às manifestações que ironizam, menosprezam ou julgam sua postura diante do tema ""religiosidade"". Sou-lhe grata, Professor Leandro, não apenas pelos conteúdos ministrados com excelência, mas também pelas lições que advêm de sua postura ética, respeitosa e, infelizmente, cada vez mais rara em nossa sociedade.",profissional,2,Por que sou ateu? Leandro Karnal reage a comentários sobre religião e ateísmo,POSITIVO,
Ugx2JF4WnmMDspyfvVV4AaABAg,Hoje bateu uma saudade……….,amador,0,ENCERRAMENTO MASSA,NEGATIVO,
UgyU8SD6CcF0ZEKMFPB4AaABAg,"Eu amo o meu suposto ""pecado"". Eu estaria ""pecando contra a mim mesmo"" se eu não pecasse...",profissional,128,SER HOMOSSEXUAL É PECADO? | MARIA HOMEM,POSITIVO,
Ugx8jTxXTTnl7R9HEqJ4AaABAg,Eu fiquei orrorizada com isso 😢,profissional,10,Caso Epstein: Como o Sistema Falhou por 14 Anos? | ANA BEATRIZ,NEGATIVO,
Ugyptrp6xiCg4JkP_T94AaABAg,"Sistema falhou , ou o sistema é aparelhado ???!",profissional,0,O Caso Epstein: Quando o Poder Compra a Justiça | ANA BEATRIZ,NEGATIVO,
UgzMkkNfB8Ynro3x2o14AaABAg,"Oi, eu não tenho amigos e os que eu tenho são alimentados de mentiras para acharem que minha vida e interessante, perdi a pessoas que eu mais amava (não morreu). Tenho tudo oque precisava mas nada oque eu quero. Oque eu quero? ser feliz, poder me olhar no espelho e gostar do que vejo, não precisar mentir pra gostarem de mim, não sentir o mesmo vazio de todos os dias. Queria que as pessoas entendessem, dói ouvir um ""Todo mundo fica triste"", porque você sabe que não e igual e dói mais ainda quando isso vem de alguém que deveria te confortar -seu pai-. Não sei porque estou comentando, afinal ninguém vai ver, so queria tirar esse peso mesmo que por um instante",amador,0,Assista quando estiver deprimido,NEGATIVO,
Ugw4CctjRtzcMCr8MYx4AaABAg,Como reduzir o tempo de tela se eu trabalho com redes sociais? 😭😭😭 preciso estar antenada nas tendências e responder os clientes. Me sinto super cansada.,profissional,0,O PERIGO REAL sobre o novo TDAH que ninguém te contou,NEGATIVO,
UgzTeajaTYugRSjfrc14AaABAg,"O sistema não falhou, o sistema funciona em benefício de caras como ele e seus aliados. Ninguém me convence que ele se suicidou. Ele foi suicidando,  pq seus depoimentos chegariam em muitos poderosos.",profissional,0,O Caso Epstein: Quando o Poder Compra a Justiça | ANA BEATRIZ,NEGATIVO,
UgzYNxLKKzCx-qlB0gF4AaABAg,"Fui professora por 30 anos de crianças de 7 a 10 anos e sempre observei essas múltiplas aprendizagens. Uns eram ótimos em conteúdos, outros desenhavam, dançavam, cantavam com uma facilidade incrível!!! Gratidão por esse vídeo.🙏",profissional,55,O que é ser inteligente hoje? A NOVA INTELIGÊNCIA | Série Profissional do Futuro #2,POSITIVO,
UgzphEVxpUOz9daw_i54AaABAg,Em todo lugar por isso quê as vítimas desanimam de denunciar certo???,profissional,0,Caso Epstein: Como o Sistema Falhou por 14 Anos? | ANA BEATRIZ,NEGATIVO,
UgzTkpsZFXWoIQ-Hg254AaABAg,Esse caso é um nojo do início ao fim! Pior é saber que a impunidade vai permanecer pra todos os outros abusadores,profissional,160,Caso Epstein: Como o Sistema Falhou por 14 Anos? | ANA BEATRIZ,NEGATIVO,
UgyiDxhRrcHlQip4b2N4AaABAg,"Saudades dos teus vídeos, vc está bem?",amador,0,Assista quando estiver cansado da vida | A filosofia de Sartre,NEGATIVO,
UgwAQOMM2nBwESIvb7N4AaABAg,"Estou no começo desse processo de mudança e estou me disciplinando para cultivar o amor próprio, o auto perdão e essa vinda de maturidade e consciência. No começo me vi muito apressado com tudo, o quanto eu precisava estar mudando em todos os aspectos durante cada dia, tudo de uma vez mas através do seu vídeo, hoje posso dizer que estou esclarecido e aliviado, só seguir o flow e ir vivendo a vida aos poucos! 💛",amador,0,Como resgataria meu amor-próprio,POSITIVO,
UgzWtBPg2rmel0uKqUN4AaABAg,"Eu sou estudante e eu tinha crise de Pânico ao estudar o curso que era meu sonho. Um dia eu fiquei tão ruim que enquanto eu estudava e falava para os meus pais que eu precisava de um tempo e eles insistirem para eu continuar eu tentei comer suicídio . 

Ninguém nos ensina a parar e a descansar. A dar tempo ao tempo.",amador,0,você não é seu desempenho.,NEGATIVO,
UgxU060cbtUh_OjqmgZ4AaABAg,💛,amador,0,Desapego: por que soltar é tão difícil?,POSITIVO,
UgxnTmSWSUxsNuwpeRp4AaABAg,O mundo está extremamente DOENTE,profissional,157,Adolescentes Violentos: Um Sinal de Alerta Urgente! | ANA BEATRIZ,NEGATIVO,
UgwacNPdOVswDEU9dZV4AaABAg,😭😭😭,amador,0,Assista quando estiver deprimido,NEGATIVO,
UgzWmmMsRgubNQAErLl4AaABAg,Obg Ludo,amador,0,Pra você que pensa e sente demais | A filosofia da ansiedade,POSITIVO,
Ugy6Gvd6lVCYS8Wzdid4AaABAg,Jout Jout faz tanta falta na minha vida 😢 já se passaram 2 anos 🥺,amador,7,GIRLS EDUCATION: ELAS QUE LUTAM,NEGATIVO,
Ugxo4_tJlrnFDHEJIuR4AaABAg,Aí ludo. Como é reconfortante saber que pessoas como você existem. Obrigado por me ajudar a ver sentindo em persistir.,amador,1,Assista quando estiver cansado da vida | A filosofia de Sartre,POSITIVO,
UgyhPAb7Udq5HKsDaMJ4AaABAg,amei,amador,0,27 lições com 27 anos,POSITIVO,
Ugz2VinwPJFqOjjKN_p4AaABAg,Pra se lascar.,profissional,1,CASAR PARA QUÊ? | MARIA HOMEM,NEGATIVO,
Ugwv6mIoat1Z-E_TxoV4AaABAg,Que porcaria,amador,0,EXPRESSÃO MÁXIMA DO DESCONFORTO | PARTE 2,NEGATIVO,
UgzdpX1iqgv7w4jjw6F4AaABAg,Estou fazendo exatamente assim 👏,profissional,0,Continue fingindo que nada mudou  #saudemental #reflexão #mudança #autocuidado #tempodecrescer,POSITIVO,
UgxDpR8-HJyVOaJYqGV4AaABAg,"A explicação sobre TDAH, procrastinação e dificuldade de foco é muito clara e faz a gente se identificar com várias situações do dia a dia. Conteúdo esclarecedor 👏🏻👏🏻👏🏻",profissional,0,"Aula 1: O Jeito Errado | TDAH, Procrastinação e Foco com Dra. Ana Beatriz Barbosa",POSITIVO,
Ugy3CdPsQaYFMOc6jEF4AaABAg,"Os ricos milionários são podres, quem tem muito dinheiro sempre tem muita sujeira por trás... E esse povo besta do nosso Brasil brigando e defendendo políticos, olha ai o que eles fazem...crimes atrás de crimes, somos apenas peças de um xadrez, no tabuleiro de milionários e políticos.",profissional,0,Caso Epstein: Como o Sistema Falhou por 14 Anos? | ANA BEATRIZ,NEGATIVO,
Ugy-0ZzgWGwU-6o1x7d4AaABAg,Minha mãe é 😢,profissional,0,O que fazer quando o narcisista convive com você? #98,NEGATIVO,
UgysEGMyptrrxF5FrF14AaABAg,To esperando ela voltar ate hoje,amador,1,EXPRESSÃO MÁXIMA DO DESCONFORTO | PARTE 2,NEGATIVO,
Ugy2-t1BlQz6zaTQN4h4AaABAg,"Todo domingo te ouço, mesmo que não seja ao vivo. Só acrescenta e por vezes até orienta",profissional,0,Rossandro Klinjey - Como parar de sentir tristeza?,POSITIVO,
Ugzpz5pPzNnHEymKGJp4AaABAg,"O meu trabalho é simplesmente maravilhoso.  Ganho pouco, mas é o suficiente pra me deixar tranquilo,  feliz, realizado.  ❤️",profissional,304,"SAÚDE MENTAL NO TRABALHO | Série ""Profissional do Futuro”",POSITIVO,
UgywS8r3t51Gyn_91gt4AaABAg,"Melhor série que assiste até hoje. Chorei em algumas cenas, e já recomendei para a família toda, estou na 6° temporada, mas vou assistir de novo com a minha esposa.",profissional,3,"Karnal Recomenda: ""This Is Us"" - 6ª temporada | Leandro Karnal",POSITIVO,
UgyaA6zvhq4F-lxVzYJ4AaABAg,"O vídeo chegou aqui há poucas horas e já tem uma tuia de homens que não entenderam nada do que ela falou, simplesmente se sentiram ofendidos, e já partiram para os ataques, tudo apenas para provar os pontos que ela apontou na sua fala. 

Melhorem! Isso não foi um ataque pessoal nem foi uma crucificação do masculino. É um resumo de uma análise séria e com fundamentos sobre o tema. Coisa de quem se dedica a algo há anos. 

Se discorda, conteste o discurso com argumentos à altura, não com ataques pessoais ou a mulheres. Ao fazerem isso, como já fizeram alguns, estão simplesmente provando e reforçando o que ela corretamente argumenta. 

E antes que me ataquem de maneira igual, achando que sou mulher: sou homem. Filho, neto, bisneto e pai de mulheres.",profissional,113,Feminicídio no Brasil: por que homens odeiam mulheres? | Maria Homem,POSITIVO,
UgynTg5xItheSaXrtGd4AaABAg,"Boa tarde, Rossandro. Pela manhã vou a igreja, mas a tarde, vejo sua live, e é sempre edificante. Obrigada, Deus te abençoe e proteja. Mossoró RN",profissional,9,Rossandro Klinjey - Como parar de sentir tristeza?,POSITIVO,
UgyBg1mYvh7DbIAmN5N4AaABAg,💛✨ gratidão,amador,0,Como resgataria meu amor-próprio,POSITIVO,
UgyqND-t7jyWYaXiYTJ4AaABAg,"Mulheres não lamentem o tempo que vcs passaram no escuro. Pq foram necessários para o aprendizado. Ninguém nasce com uma bússola. ❤
Antes tudo era mais difícil não existiam a internet para nos passar as informações. 
Deus abençoe vocês!",profissional,129,"1ª Live da série especial ""Quando eu cuido de mim"" com Rossandro Klinjey",POSITIVO,
Ugww92p1U-ZIFKLGSxx4AaABAg,""" Não devemos idealizar um mundo, devemos aceitá-lo da forma que é "" essa foi braba !!!",profissional,62,Estoicismo: a Filosofia da felicidade e do desapego | Leandro Karnal,POSITIVO,
UgwERiacPfKLZV0_Rvh4AaABAg,"Você e seu Feminismo de 2014 a 2016 criou esse Monstro chamado Redpill.

Era só terem ficado caladinhas,mansinhsas e submissas aproveitando a Liberdade que conquistaram.

Mas Preferiram chamar nós Homens de estuprador em Potencial,
Criou a Redpill.

A Liberdade nunca foi o suficiente pra Vocês 
Kkkkkkkkkkkkkkk",profissional,1,Feminicídio no Brasil: por que homens odeiam mulheres? | Maria Homem,NEGATIVO,
UgylnuBudFNrbQtzMsN4AaABAg,"Maravilhosa! Acho que estamos no mesmo barco rs, é a ausência de uma amizade para se identificar e estar mais perto independente dos ciclos da vida. Acredito que quando nos olhamos e vemos nossas necessidades e do próximo, criamos uma conexão mais profunda. Muito difícil se encaixar com uma amizade assim, mas com jeitinho chegamos lá, afinal a vida é uma caixinha de surpresas, e nos momentos mais inesperados as vezes surge. Bom quando nos ocupamos com facul, curso ou algum ramo que envolve pessoas, criamos um ciclo novo e possivelmente um vinculo maior. O bom, é sempre selecionar se te fará bem para o momento ou para vida. Bjos amo seus conteúdos!!",amador,2,como fazer amigos depois do isolamento (e paranóias de ser chata),POSITIVO,
Ugxl8n89PxCaOytBip94AaABAg,"Não há nada melhor roteirizado do que essa série. Não dá pra maratonar, cada episódio exige tempo de digestão. Brilhante!",profissional,119,"Karnal Recomenda: ""This Is Us"" - 6ª temporada | Leandro Karnal",POSITIVO,
Ugxz2RjuUTsxCqxCg1l4AaABAg,"""cabeça de preta eh prêmio, ainda mas se vc TRANSgredir...""  
F O D A",amador,0,GIRLS EDUCATION: ELAS QUE LUTAM,POSITIVO,
Ugw73Am4xYLcbS_fZJN4AaABAg,"O meu parto foi normal, lembro que a recomendação do médico foi de lavar sempre após fazer xixi por conta de infecções e etc. Levei 5 pontos, todos caíram depois de uma semana. Pra mim foi bem tranquilo, evitei todos os tipos de esforços durante o primeiro mês, e esperei o período de resguardo como orientou o médico. Meu corpo foi voltando aos poucos por conta da amamentação, vida corrida com o RN, cheguei até emagrecer demais kkkk. O lado negativo disso tudo é sempre tem comparações tanto em relação a outras mães e tbm com o neném. Mas é o que vc disse Ju, temos que ter o nosso momento e respeitar o nosso tempo.

Edit: Primeira relação pós parto é tensa mesmo, tudo muda kkkk",amador,4,O RETORNO DA PEPEKA DEPOIS DO PARTO NORMAL VAGINAL | Juliana Goes,POSITIVO,
Ugw7hELJ8UPL3k6mo4p4AaABAg,A empresa onde trabalho é uma sucursal do inferno.,profissional,2,"SAÚDE MENTAL NO TRABALHO | Série ""Profissional do Futuro”",NEGATIVO,
UgyLUUpSXTLPRYl90qN4AaABAg,❤,profissional,1,Quem te machucou não merece sua energia #saudemental #reflexão #mudança #autocuidado #tempodecrescer,POSITIVO,
UgxVosCQcSn5Cj8BJWx4AaABAg,"Karnal, você e este vídeo são perfeitos! Obrigada",profissional,1,Leandro Karnal desafia o ChatGPT,POSITIVO,
Ugwj0aZhkyow2INO3aV4AaABAg,Aconteceu comigo. Essas piadas me incomodam. Ainda estou em processo. Vou vencer.,profissional,0,Continue fingindo que nada mudou  #saudemental #reflexão #mudança #autocuidado #tempodecrescer,NEGATIVO,
UgwItcQnPMDhQmf3Pat4AaABAg,❤,amador,0,5 sinais de que você é imaturo emocionalmente e não sabe,POSITIVO,
Ugz9L3GCIje-rdnn9mB4AaABAg,Que vídeo lindo!,amador,0,GIRLS EDUCATION: ELAS QUE LUTAM,POSITIVO,
UgzIk7xjJw-D0Ce38514AaABAg,"a busca pelo desempenho é a certeza de encontrar lá na frente um grande vazio.... isso se traduz por ansiedade crescente, depressão, panico, e na hora que se perceber essa ""furada"" o precipio psicologico é enorme. Ai começa a verdadeira volta pra casa, isto é, a busca pela propria essencia, que é pura simplicidade, e isso envolve todas as áreas da vida, desde financeira, relacionamentos, cultural, estilo de vida, etc.",amador,345,você não é seu desempenho.,NEGATIVO,
UgwxsKPGq6mYSFHStER4AaABAg,Eu amo essa série❤️❤️❤️❤️,profissional,0,"Karnal Recomenda: ""This Is Us"" - 6ª temporada | Leandro Karnal",POSITIVO,
UgxYc-YHj-pqa41kDRB4AaABAg,"Chego a conclusão de que por falta de fontes seguras de informação se trata de um ""mentecapto artificial"" por enquanto.",profissional,0,Leandro Karnal desafia o ChatGPT,NEGATIVO,
UgzapHXpdRuETX9uN4N4AaABAg,Prefiro morrer solteira. Detesto machistas.,profissional,6,Feminicídio no Brasil: por que homens odeiam mulheres? | Maria Homem,NEGATIVO,
UgxqRb0n3obMeloRfkh4AaABAg,"Vai aprender português primeiro,!!",profissional,0,Leandro Karnal desafia o ChatGPT,NEGATIVO,
UgwW1No4obUsqSqkluB4AaABAg,"Eu fico apenas em silêncio, não consigo desenvolver uma conversa sem pensar em absolutamente todas as palavras que eu tenho que falar. É horrível!",amador,351,como fazer amigos depois do isolamento (e paranóias de ser chata),NEGATIVO,
UgzJHC0kyIvT0MSprX54AaABAg,"Nem sei quantas vezes assisti esse vídeo... Parece que quanto mais você tenta melhorar, mais insignificante as tentativas se tornam. Fazem 6 anos, 6 anos desde que me perdi em minha própria mente. O vazio é presença constante na minha vida a esse ponto. Ver esses vídeos me faz refletir, e isso me ajuda a ver um lado menos trágico de tudo que já me aconteceu. Não desejo isso a ninguém, ser vazio... Se assim como eu vocês se encontram nessa situação, te desejo toda a força do mundo. Supere isso, cure seu coração, sua menta, sua alma.",amador,81,Assista quando estiver deprimido,POSITIVO,
Ugx0cgOuxlBkkr0KYBx4AaABAg,"Sem
Homens há 4 anos. Libertador",profissional,15,Feminicídio no Brasil: por que homens odeiam mulheres? | Maria Homem,NEGATIVO,
UgzEc2Zx8FfY2UUxOaZ4AaABAg,💙,amador,0,5 sinais de que você é imaturo emocionalmente e não sabe,POSITIVO,
UgxPcwNiXwNw1xugQYB4AaABAg,Há quatro anos nessa vida!!!!,amador,0,MEU FILHO NÃO DORME | SONO DO BEBÊ por Juliana Goes,NEGATIVO,
UgzHYReiui3MlM7exhd4AaABAg,"Super precisava desse vídeo!

Fora isso não me encaixo, estudo numa federal sendo pobre kkkk

Aí não tenho nada em comum com as pessoas, sabe gente que gasta oq eu como num mês num dia.",amador,55,como fazer amigos depois do isolamento (e paranóias de ser chata),NEGATIVO,
UgwocarB1Iwbyrb-OBJ4AaABAg,"Meu Deus Maria... Eu acabo de terminar um casamento porque eu não conseguia ter dinheiro pra mim, pra viajar, pra viver um pouco e tu vem e me manda esse vídeo!",profissional,92,CASAR PARA QUÊ? | MARIA HOMEM,NEGATIVO,
Ugw9XscRpNmK5rjqK-94AaABAg,Gratidão 🌻🐞🙏🙏🙏,profissional,0,"SAÚDE MENTAL NO TRABALHO | Série ""Profissional do Futuro”",POSITIVO,
Ugzd15sXzCJmYA9Wyrh4AaABAg,"Mulher, eu entendo o q vc tá passando, pois faz 7 meses que não durmo,aliás nesses 7 meses q ele tem, só dormiu 3 noites de 23 as 6 da manhã. Me sinto muito exausta, com sono, sem ânimo p fazer as coisas. Precisando trabalhar e não consigo. Acordava de uma em uma hora, ou 2 em 2. Aí ficava tira do berço e coloca igual vc, aí resolvi colocar um colchão no chão e dormir com ele, faz dois dias, até q acordou menos. No meu caso pelo q percebo acho q ele sente minha falta, aí pego ele do mamar e ele volta a dormir. Aí nesses dois dias ele dormiu melhor, tentei não dar o peito todas as vezes. Ele acordou umas 5 vezes, 2 dei mamar e outras só ninei. Vamos ver daqui uns dias p ver se continua ou melhora.",amador,0,MEU FILHO NÃO DORME | SONO DO BEBÊ por Juliana Goes,NEGATIVO,
UgwjwRcWDsMsOljeiiF4AaABAg,"Tentam-nos subjulgar o tempo todo, hoje aos 66, casada por duas vezes, desisti, melhor só e tranquila do que sendo apontada o tempo todo, exigindo a perfeição que eles não tem, nunca tiveram e jamais terá.",profissional,98,Feminicídio no Brasil: por que homens odeiam mulheres? | Maria Homem,NEGATIVO,
UgxYI8vtWQxXLpMeDs54AaABAg,"Meu deus q sdd, já é 2021",amador,0,EXPRESSÃO MÁXIMA DO DESCONFORTO | PARTE 2,NEGATIVO,
UgyDuliW3nGyE1SZU6V4AaABAg,Volta Jout Jout!!,amador,0,ENCERRAMENTO MASSA,NEGATIVO,
UgwR5UoxhIBIXLNb3Zt4AaABAg,"Estou muito cansada,mãe solo minho autista dificuldade financeira está me preoculpando esta me deixando doente.😢muita cansada",profissional,0,"1ª Live da série especial ""Quando eu cuido de mim"" com Rossandro Klinjey",NEGATIVO,
UgyJqZoSvmP39z2dsf54AaABAg,"vcs fazem tanta falta, jout jout",amador,0,EXPRESSÃO MÁXIMA DO DESCONFORTO | PARTE 2,NEGATIVO,
UgzJGGPMfK5TEygrgsJ4AaABAg,É macabro tudo isso. Investigação urgente sobre a ilha de marajo no Pará,profissional,0,O Caso Epstein: Quando o Poder Compra a Justiça | ANA BEATRIZ,NEGATIVO,
Ugyr1q460w8MF0q0idx4AaABAg,"Salvei esse vídeo no meu ""Assistir mais tarde"" pra ver quando estivesse pronta. Agora, em 2024, finalmente assisti.

Obrigada JoutJout por fazer parte de tantos momentos da minha vida. Você me ensinou a sobreviver à vida adulta e me ajudou a aguentar momentos muito difíceis. Eu te amo muito, mesmo sem nunca ter te conhecido.

Que a sua vida seja maravilhosa. Que o Universo te recompense por todo o bem que você fez por tantas pessoas, ainda que sem intenção. Você é incrível ❤",amador,18,AGRADECIMENTOS FINAIS,POSITIVO,
UgzQZHvJ8opDsyaz8Ah4AaABAg,"Me identifiquei com suas falas. Sou da geração Z. Nascido em 92, hoje com 30 anos, me deparei com um esgotamento tão grande de 2020 pra cá e que me motivou dar um pause para descansar. Mas antes de pedir as contas eu planejei meus passos. Me capacitei e depois pedi as contas, tirei 5 meses pra descanso antes de abrir meu pequeno negócio. Foi a melhor coisa que eu fiz. Hoje me sinto muito melhor e não planejo voltar a vender hora pra mais ninguém.",profissional,63,"SAÚDE MENTAL NO TRABALHO | Série ""Profissional do Futuro”",POSITIVO,
Ugw5Htt-OXt3x8XYAIp4AaABAg,"ha cerca de duas semanas atras eu tentei me matar. Meus pais nao faziam ideia, pq eu nunca falei com eles sobre o assunto, eu sempre dizia q tava td bem, q tava feliz, mas no ano passado eu sofria bullying, eu mudei de escola e so piorou. era bullying pesado, eles me batiam, eu perdia nota por causa deles, mas n era so isso. Eu tenho so 14 anos mas eu sou um menino trans. tem gnt q acha q eu sou novo dms pra saber sobre isso, mas desde a infancia meu maior sonho era morrer logo pra eu poder renascer, renascer como um menino, com um corpo q combina cmg, e com 10 anos eu menstruei pela primeira vez, foi horrivel, eu chorava, eu queria me destruir, mas meus pais n ficaram sabendo nem a metade. nofinal do ano, eu fiz sexo com um menino, foi horrivel, doeu e apesar de eu ter falado q sim, ele era dois anos mais velho e meio q me obrigou. com ele e com o irmao dele. no ano seguinte, com 11, eu cortei o cabelo curto pela primeira vez, nunca me senti tao bem, tao libertado. com 13 eu namorei uma menina pela primeira vez e esse ano me descobri trans. continuo com o cabelo curto e usando roupas largas, mas ngm sabia sobre. Ha um tempo atras eu fiz amzd com um menino q achou q eu era um garoto cis, e foi assim q eu contei pros meus pais q eu queria ser um garoto. Mas n mudou mta coisa, eles meio q ignoraram, eu tbm fingi n ligar mto e o bullying ficando cada vez mais pesado, pq eu nunca fiquei no papel q eu deveria ficar, o papel de mulher, nunca fui q nem as pessoas queriam q eu fosse. Ha mais ou menos um mes uma menina se jogou do terceiro andar da escola, td mundo viu. Ela ainda ta viva, mas bem mal. Duas semanas dps eu tentei me enforcar no banheiro da escola. n tenho mais q ir pra escola ate o final do ano, pq infelizmente eu sobrevivi. meus pais me levaram em um endocrinologista mas eu ainda n posso tomar testo, pois sou novo dms. To tomando remedios pra eu n tentar nd assim dnv, mas os pensamentos continuam. Eu simplismente n consigo flr com meus pais. É como se tivesse uma trava em mim, uma vergonha q me impede. agr eles ja me chamam pelo masculino, mas a maior parte das pessoas ainda pensam q eu sou mulher. Eu me sinto mal tds os dias, tds as horas eu so penso nisso. eles disseram q ia melhorar, q com os remedios eu ia parar de pensar nisso, mas parece q n resolveu nd. eu to com medo, medo doq eu posso fazer cmg msm, mas n por minha causa, por causa dos meus pais e de qm eu amo. n to vivo pq eu quero, pq eu ainda tenho esperanca, to vivo pq eu n quero magoar meus pais. eu amo mto eles, amo meus amgs, msm q sejam poucos e a maior parte n sabe nem o maior fator da minha vida. quero ajudar as pessoas, preciso viver em prol dos outros pra continuar vivo, pq por mim, eu ja teria morrido. Eu me odeio, e o pior castigo é a vida.",amador,0,Assista quando estiver cansado da vida | A filosofia de Sartre,NEGATIVO,
Ugy74hxY6VY10td7bcN4AaABAg,💛,amador,0,Desapego: por que soltar é tão difícil?,POSITIVO,
UgzhdA4sJpRzkUpdO1x4AaABAg,"Curioso como esse suposto pecado da homossexualidade sempre pesa muito mais do que qualquer um que todos nós cometemos todos os dias, na visão desses religiosos fundamentalistas.",profissional,335,SER HOMOSSEXUAL É PECADO? | MARIA HOMEM,NEGATIVO,
Ugx42LrYxY1w32BW9TJ4AaABAg,💙,amador,0,5 sinais de que você é imaturo emocionalmente e não sabe,POSITIVO,
UgxTnqlU5mRwAxIWkul4AaABAg,Amei o papo Ju!!! Quero muito tentar normal quando for a minha hora,amador,90,O RETORNO DA PEPEKA DEPOIS DO PARTO NORMAL VAGINAL | Juliana Goes,POSITIVO,
UgyF9i2FQzbdCJtqEpl4AaABAg,"Professor, sou cristão, direitista, mas tenho um profundo respeito pelo senhor. Já me peguei mudando de opinião no passado assistindo seus videos. Admiro sua inteligência, retórica, e respeito por quem pensa diferente. Parabéns pelo trabalho...",profissional,1,Por que sou ateu? Leandro Karnal reage a comentários sobre religião e ateísmo,POSITIVO,
Ugxjy7iGTYdyozAdkOV4AaABAg,💙🩵,amador,0,5 sinais de que você é imaturo emocionalmente e não sabe,POSITIVO,
UgxZLP9LZDpxaTYw1ex4AaABAg,💛💛💛💛💛💛,amador,0,Como resgataria meu amor-próprio,POSITIVO,
UgwPZtJqH332mFFg8-F4AaABAg,"Adorei a aula, só  assisti o vídeo todo depois que contei um pouco da minha vida, vou seguir a dica, não hoje ainda, mas com certeza estarei na aula de hoje a noite 😊 ❤",profissional,0,Aula 2: O Jeito Certo de lidar com o TDAH - Dra. Ana Beatriz Barbosa,POSITIVO,
Ugx1qbXTKnjOA-MDoup4AaABAg,💛,amador,0,Como resgataria meu amor-próprio,POSITIVO,
Ugz0R2YSfKu7hNF7v3R4AaABAg,Mesmo pensei nisto...permitiram abusos por anos,profissional,0,Caso Epstein: Como o Sistema Falhou por 14 Anos? | ANA BEATRIZ,NEGATIVO,
