commentId,text,video_title,label_llm,label_revisao,
UgzvcKga2NEZlPZ9clR4AaABAg,Ótimos depoimentos,"1ª Live da série especial ""Quando eu cuido de mim"" com Rossandro Klinjey",POSITIVO,OK,
UgySooSDI7CLh85HyLB4AaABAg,Karnal e Pondé vivem pedindo desculpas por não acreditar em Deus 🤦🏻,Por que sou ateu? Leandro Karnal reage a comentários sobre religião e ateísmo,NEGATIVO,OK,
UgyZVxrHf-L3NKs9oYV4AaABAg,Muito bom,"Aula 1: O Jeito Errado | TDAH, Procrastinação e Foco com Dra. Ana Beatriz Barbosa",POSITIVO,OK,
UgzU4oohUD4ZmTsgWxt4AaABAg,"Tudo é sofrimento. Casado, ou não.",CASAR PARA QUÊ? | MARIA HOMEM,TANGENCIAL,OK,
Ugwb6l1LbYRLd2ndmiZ4AaABAg,"Esse vídeo me fez muito bem pessoalmente, profissionalmente e academicamente","estar pronta é uma decisão, não um sentimento",POSITIVO,OK,
UgzTCBfE6M6tqclfUah4AaABAg,Ninguém está notando que o que falta é os pais criarem seus filhos na palavra de DEUS.... falta fé e esperança...,Adolescentes Violentos: Um Sinal de Alerta Urgente! | ANA BEATRIZ,TANGENCIAL,OK,
Ugz9QtvuhoZVjN7iwZF4AaABAg,Pessoas curadas são pessoas que curam..obrigado pelo carinho ❤️,"1ª Live da série especial ""Quando eu cuido de mim"" com Rossandro Klinjey",POSITIVO,OK,
UgxjAZOTUDISNvZjayF4AaABAg,"Ou seja... todo mundo e toxico. Pq, se a pessoa reclama de algo que nao ta bom, de ser perseguido, pq acontece, é  ser toxico, entao, todo mundo e.",Rossandro Klinjey - Como conviver com pessoas abusivas e tóxicas,NEGATIVO,OK,
UgzwkK3ygMTN5tXPWAh4AaABAg,"Existem crimes silenciados no Brasil, pode crer.",Caso Epstein: Como o Sistema Falhou por 14 Anos? | ANA BEATRIZ,TANGENCIAL,OK,
UgyTVQSDJyg__M9xbwp4AaABAg,Que saudadeeee,AGRADECIMENTOS FINAIS,TANGENCIAL,OK,
UgwCbuomR4eYPSUw04F4AaABAg,"❤ Campanha que mantém esse canal no ar: https://apoia.se/ludoviajante ❤
12 meses de trampo, evitei IA o máximo que pude, contratei 3 artistas pra ajudar (créditos na descrição). Obrigado a vocês que tornam esse canal possível, seja assistindo ou apoiando! Agora com licença que o pai precisa por o sono em dia 😴 rapaz to até zonzo

PS: ativem o sino pra serem avisados do próximo video!!! (que virá em menos de 1 ano, ou meu nome não é orfeuzinho)",Pra você que pensa e sente demais | A filosofia da ansiedade,POSITIVO,OK,"Mas... é o comentário do criador do vídeo.
Não acho que isso importa"
Ugwb5ubBD3g2lhGs6cN4AaABAg,"Sou seu fã, mente brilhante!
Parabéns pelo talento e grandiosidade, mais uma vez mudou minha vida, Deus te abençoe Leandro Karnal, obrigado por tudo que faz aos que te ouvem...🙏🙌",Estoicismo: a Filosofia da felicidade e do desapego | Leandro Karnal,POSITIVO,OK,
Ugy144YloiGLUbURx-R4AaABAg,Gratidão pelos seus ensinamentos em caminho da Evolução,"1ª Live da série especial ""Quando eu cuido de mim"" com Rossandro Klinjey",POSITIVO,OK,
Ugzlo9wVUL_UGz55Jjt4AaABAg,💜,Você tem tudo para estar bem... mas não está.,POSITIVO,OK,
Ugxnf9pOfKrl6x84M8l4AaABAg,"Eu tbm usei andolba, ajudou muito.",O RETORNO DA PEPEKA DEPOIS DO PARTO NORMAL VAGINAL | Juliana Goes,TANGENCIAL,OK,
UgzMX1zDs5L3ImcXJmV4AaABAg,"fiquei com saudade, e vim rever.... muito amor❤",AGRADECIMENTOS FINAIS,POSITIVO,OK,
UgyqND-t7jyWYaXiYTJ4AaABAg,"Mulheres não lamentem o tempo que vcs passaram no escuro. Pq foram necessários para o aprendizado. Ninguém nasce com uma bússola. ❤
Antes tudo era mais difícil não existiam a internet para nos passar as informações. 
Deus abençoe vocês!","1ª Live da série especial ""Quando eu cuido de mim"" com Rossandro Klinjey",TANGENCIAL,OK,
Ugxb0cJfpajLuKTYPLh4AaABAg,Eu que te-agradeço ♥️✨😊✨👍,Assista quando estiver deprimido,POSITIVO,OK,
UgwMpUVxHY0RtUtPWbl4AaABAg,"Seus vídeos são tão leves Ju! Você é tão leve, passa uma calmaria ..
Obrigada por toda essa informação!",O RETORNO DA PEPEKA DEPOIS DO PARTO NORMAL VAGINAL | Juliana Goes,POSITIVO,OK,
UgwtK5_q4nX9Es3Nq6V4AaABAg,Muito bom!!,Rossandro Klinjey - Como conviver com pessoas abusivas e tóxicas,POSITIVO,OK,
Ugw516w7nvY_SHJ4LpR4AaABAg,"Cara, vi a Maria Homem ferrando um pensador ateu crente na mão invisível.... Cara, tenho ouvido mulheres e acreditem, elas são mais sensatas! Não sei porque a contribuição mais valiosa é tão menosprezada!",Feminicídio no Brasil: por que homens odeiam mulheres? | Maria Homem,POSITIVO,OK,
UgxQD4n2hlenWWo_k8V4AaABAg,Tu é foda.,você não é seu desempenho.,POSITIVO,OK,
Ugyz6LmEJhw5oJu5oxp4AaABAg,👍👊👏👏👏👏💯🙌🙌🙌,Continue fingindo que nada mudou  #saudemental #reflexão #mudança #autocuidado #tempodecrescer,POSITIVO,OK,
Ugz8ETKBclCaMKelemh4AaABAg,👏👏👏👏🙌,Estoicismo: a Filosofia da felicidade e do desapego | Leandro Karnal,POSITIVO,OK,
UgyotMtT_h0qG8d9l3Z4AaABAg,"Oi Ju não sei se vc vai conseguir ver essa msg.. eu passei pelo mesmo.. dos 4 aos 9 meses.. 6 de seis despertares noturnos.. homeopatia, rotina bem ajustada.. osteopatia pediátrica.. mas passou virou uma chavinha um belo dia do mesmo jeito q passou a n dormir aos 4 meses, dormiu aos 9 meses. A osteopatia diante todas as táticas que mais ajudou. Ajuste do ciclo circadiano. Ajudou demais. Vê se consegue tbm! Um bjo",MEU FILHO NÃO DORME | SONO DO BEBÊ por Juliana Goes,TANGENCIAL,OK,
UgyEA-UfBX96w4r2meV4AaABAg,💙,5 sinais de que você é imaturo emocionalmente e não sabe,POSITIVO,OK,
UgyadcEd4hy8gMeN4PJ4AaABAg,"Conheco apenas um pequeno texto do Spinosa com o qual me identifico, realmente está na natureza, as respostas para todos os questionamentos da ordem existencial. Também tenho conclusões  parecidas com a de voces, embora não esteja à altura de entender todos os argumentos expostos. O final dessa entrevista foi espetacular . O conhecimento liberta de verdade.","Espinosa, o principal filósofo português? | Leandro Karnal e José Rodrigues dos Santos",POSITIVO,OK,
UgzujUzrlKyiRg8ZujV4AaABAg,Fantástico 😊,Faça o seu teste da autoestima! Aula 01 | Oficina Autoestima Curativa,POSITIVO,OK,
UgwzAQiaj9EjR9IQ5U94AaABAg,que saudade 😢,AGRADECIMENTOS FINAIS,TANGENCIAL,OK,"Poderia ser considerado positivo, dado o título do vídeo,
Mas entendo que não se refere ao vídeo em si, então OK"
UgyZ-ZVztRqbuPe_7Ed4AaABAg,Hudson Um cara tão inteligente mas fica com esse papinho idiota de capitalismo,Assista quando estiver deprimido,NEGATIVO,OK,
UgyI0MELZmcvvVqBou94AaABAg,💛,Como resgataria meu amor-próprio,POSITIVO,OK,
UgxinTwbmx_jLKJ_qpR4AaABAg,Você é tão linda. Te amo,como fazer amigos depois do isolamento (e paranóias de ser chata),POSITIVO,OK,
UgwHKye2G9zkz7T7AVl4AaABAg,Faz muito sentido... Gratidão 🙏🏿,Continue fingindo que nada mudou  #saudemental #reflexão #mudança #autocuidado #tempodecrescer,POSITIVO,OK,
UgywFHZWvlQ6K5UCPt94AaABAg,"Gostaria de ter sabido disso antes... Nunca fale sobre nada com eles, eles usam tudo para fazer maldade, colocando um contra o outro para levar vantagens, te isola de todos para ninguém saber o que está passando. Fora o que não posso falar aqui. Que seres vivos nojentos. Asquerosos!!🤢",O que fazer quando o narcisista convive com você? #98,TANGENCIAL,OK,Mas... poderia ser considerado positivo.
UgwfLUSZwjmD5A5W1sZ4AaABAg,O surto da sexta feira 13 foi maravilhoso,EXPRESSÃO MÁXIMA DO DESCONFORTO | PARTE 2,POSITIVO,OK,
UgwQ24wIPXnlLHfSQjJ4AaABAg,"Mas ele não estava na sinagoga quando ele foi excomungado, tanto que o pai ficou calado e a irmã dele foi a única que se levantou e falou em defesa do irmão dele.","Espinosa, o principal filósofo português? | Leandro Karnal e José Rodrigues dos Santos",NEGATIVO,NOK,Claramente tangencial
UgwWoMP6I71Tn3sHfUV4AaABAg,"Eu gosto muito do conteúdo de vocês, mas esse vídeo me deixou impressionado. A Maria Fernanda conseguiu simplificar uma coisa que tento dizer aos meus amigos do trabalho, muitas vezes. Eu tenho um quadro de TDHA diagnosticado por minha psiquiatra associado a minha psicóloga; para contornar isso criei padrões que me ajudam a concluir as tarefas. Uma atitude que tomei foi que, durante o trabalho, não faço o uso do celular, apenas o computador para o que for preciso (sou chefe de cozinha). Hoje percebo que meus colegas de trabalho estão sobre carregados com a expectativa de uma notificação ou de conhecer novos heels. Inclusive, minha colega tentou pedir ajuda para a AI para organizar suas tarefas, mas, mesmo a inteligência artificial fazendo a organização, ela não conseguiu entender e executar. Falei tudo isso para que a Drª Maria Fernanda, perceba o quanto o vídeo fez sentido para mim; sua explicação verbalizou algo que eu tentava falar mas não conseguia elaborar. Muita  Ciência  e informação para nos! (Quero ser psiquiatra)",O PERIGO REAL sobre o novo TDAH que ninguém te contou,POSITIVO,OK,
UgxN4wN3ZtOBJkxY1hh4AaABAg,💛,Como resgataria meu amor-próprio,POSITIVO,OK,
UgyWnG892P4IYq0wam54AaABAg,Bah professor temos que lutar contra isso,Leandro Karnal desafia o ChatGPT,NEGATIVO,NOK,Tangencial/positivo
UgwTd8B998RCe_BfPTd4AaABAg,"POIS É,SE ESSA CRIATURA MORREU 
EU NÃO QUERIA NEM SER A ALMA DELE A ESSA ALTURA
ESTÁ ARREPENDENDO AMARGAMENTE POR TODAS AS SUAS MALDADES",Caso Epstein: Como o Sistema Falhou por 14 Anos? | ANA BEATRIZ,TANGENCIAL,OK,
UgxJlw9w4hqH-Z9WZMl4AaABAg,"Tá... Então o Taoísmo é tipo a dor do parto? Quando a contração vem e você faz força junto, a dor não parece tão mais intensa e acaba sendo tudo mais rápido? 🤔",Pra você que pensa e sente demais | A filosofia da ansiedade,TANGENCIAL,OK,
UgxGjScFnX4vjqSi52V4AaABAg,"Perdoar é seguir a vida sem carregar mágoas, sem desejar o mal a pessoa e se libertar de carregar o peso da dor, por algo que nós não temos o controle, os atos do outro. E isso não quer dizer que tenha que seguir igual com a pessoa, dependendo do trauma, é necessário se afastar.",Quem te machucou não merece sua energia #saudemental #reflexão #mudança #autocuidado #tempodecrescer,TANGENCIAL,OK,
Ugzb3ffrWSHXaoaijKV4AaABAg,MUITO OBRIGADO,você não é seu desempenho.,POSITIVO,OK,
Ugxmj-QaVxy_P3pKivV4AaABAg,💙,5 sinais de que você é imaturo emocionalmente e não sabe,POSITIVO,OK,
UgxDQAV3r_k5-M8bx-B4AaABAg,"Eu demorei pra entender que eu sou a pessoa mais importante da minha vida !!
Aprendi com quase 60 mais  valeu a pena embora pouco tarde !!
Hj continuo sendo amorosa ...carinhosa é ajudando o próximo.mais hj eu penso em mim também eu me.amo...me respeito e só quero pra mim o que me faz bem !!!
Obgda Rossandro aprendi muito com seus ensinamentos !!!
Gratidão eterna!
Bju no seu ❤️","1ª Live da série especial ""Quando eu cuido de mim"" com Rossandro Klinjey",POSITIVO,OK,
Ugxm7BeqkJvJ4u_EGDt4AaABAg,Caraca... Melhor vídeo de todos sobre o pós parto. Obrigada!,O RETORNO DA PEPEKA DEPOIS DO PARTO NORMAL VAGINAL | Juliana Goes,POSITIVO,OK,
UgwrabhfX10oeXwZM_R4AaABAg,"Karnal fazendo escansão de versos do soneto aí foi ótimo! A forma tá ok, mas o conteúdo, bem fraquinho...",Leandro Karnal desafia o ChatGPT,NEGATIVO,OK,
Ugz0Dm-9VP-JwtIbWIx4AaABAg,"DEPOIS DE FLOYD VOCE E A ÚNICA...TE SIGO A DÉCADA..RU JA CONHECI VÁRIOS PREDADORES INCLUSIVE JA FUI VÍTIMA. 
OBRIGADA",Caso Epstein: Como o Sistema Falhou por 14 Anos? | ANA BEATRIZ,POSITIVO,OK,
Ugy_RuvHxKTyQzUSjrp4AaABAg,"Dra.Ana Beatriz, o seu livro que fala sobre a psicopatia deveria ser lido por todos os pais e mães, é de uma importância gigantesca ❤",Adolescentes Violentos: Um Sinal de Alerta Urgente! | ANA BEATRIZ,POSITIVO,OK,
Ugzgu9_n-68tugxL6S54AaABAg,"Tu não é ateu, é um atoa",Por que sou ateu? Leandro Karnal reage a comentários sobre religião e ateísmo,NEGATIVO,OK,
UgxegoDtFjFsElwXABt4AaABAg,"Perdoar é o único caminho pra viver em paz. Ruminar o passado só traz ele de volta, junto com toda a dor. É preciso colocar um ponto final.",Quem te machucou não merece sua energia #saudemental #reflexão #mudança #autocuidado #tempodecrescer,TANGENCIAL,OK,
UgymYO7Jie0bSdzPJ4l4AaABAg,"ideias e reflexões interessantes e necessárias. comentários idem, de acordo com a experiência de cada um/a (não poderia ser diferente…filtros).

no entanto, a considerar uma boa parte dos comentários que li parece que a questão se reduz a casar/estar casado versus viajar!

é isso mesmo? 

então, tenho algum problema. e as duas mulheres com as quais me casei também. 

porque tivemos três filhas e viajamos pra caramba. juntos e separados, a trabalho, a estudo e a lazer. sozinhos, a dois, a três, a quatro e a cinco. 

viajei antes de me casar, viajamos depois que nasceu minha primeira filha, com e sem ela, viajei durante os anos em que fiquei sozinho depois do primeiro casamento, viajamos casados antes de ter a segunda e a terceira filha, viajamos depois que elas nasceram, enquanto cresciam e continuamos viajando agora depois que elas bateram asas e voltamos a ficar só os dois novamente. 

sob o meu ponto de vista, ser e sentir-se livre não tem a ver com ser solteiro, casado, morar junto ou separado, ter filhos ou não. a liberdade é uma condição e uma questão mais complexa - e simples ao mesmo tempo: tem a ver com a sua cabeça e a da pessoa que você escolhe pra embarcar com você nessa trip que é a vida. mesmo que você(s) não viajem muito. 

em tempo: ter filhos/as, ajudá-los a crescer e ensiná-los a voar, também é uma viagem maravilhosa ❤",CASAR PARA QUÊ? | MARIA HOMEM,TANGENCIAL,OK,
UgwqWMI1KF0JK55YciJ4AaABAg,"Boa tarde! Uma amiga me passou esse link hoje. Me questionei e sofro durante anos com uma pessoa assim. É libertador saber a verdade! Já havia tomado atitudes para me proteger, mas sem saber, por que tudo isso estava acontecendo comigo, a partir desse vídeo estou entendendo mais, como se uma cortina escura se abrisse, muito obrigada por sua ajuda!!!!",O que fazer quando o narcisista convive com você? #98,POSITIVO,OK,
UgwKHgkjfcYj_guiz7d4AaABAg,que maravilha,O que é ser inteligente hoje? A NOVA INTELIGÊNCIA | Série Profissional do Futuro #2,POSITIVO,OK,
UgwZzfSmadqMPAeapNx4AaABAg,💙,5 sinais de que você é imaturo emocionalmente e não sabe,POSITIVO,OK,
Ugx_7t207eDoUPLZ2c14AaABAg,"sinto tudo isso,   por nada  as pessoas ja viram a cara,fala pelas costas, acham q amizade é esta bem o tempo todoo o problema é q as pessoas estão muito superficiais hoje em dia, não pode discordar  de nada, ou se desentender q ja viram a cara, acha que amizade é rir o tempo todo, ou esta bem o tempo todo e não é isso!eu tbm não sou muito de procurar, mas quando precisam d mim eu estarei la para ajudar e ouvir, mas não sou de bajular.",como fazer amigos depois do isolamento (e paranóias de ser chata),TANGENCIAL,OK,
UgwMxStnqn4JtcMTAkh4AaABAg,"Ahhhh que alegria feliz por vcs, Deus abençoe essa nova fase, esta nova conquista vcs merecem🙏❤",TOUR PELO APÊ VAZIO | Diário da Reforma por Juliana Goes,POSITIVO,OK,
Ugxgy6LWk2v2akp_Zvt4AaABAg,"Nossa Ju, essa semana estava conversando com meu namorado sobre as provas de resistência e ele lembrou dessa sua e ficou ‘sabe? A Juliana!’ Eu fiquei NÃO, Ju Goes do youtube e do Zen lembra já te mostrei, é ela! Kkkkkkkkk Pra gente vc já é a Ju, Ju do YT e do Zen 😂",BBB | Respondendo sobre a minha experiência no Big Brother Brasil,POSITIVO,OK,
Ugy65dXm0ctBLvV4Okt4AaABAg,"O PRAZER EM  OUVI--LO SERÁ SEMPRE MEU, ❤️  +++++VC!!!","SAÚDE MENTAL NO TRABALHO | Série ""Profissional do Futuro”",POSITIVO,OK,
UgxNqOzEklyzdtP_KtR4AaABAg,"Ludo fiz um comentário no seu vídeo mais antigo o do vazio.

Depois de muito tempo sem ver esse vidio, que me ajudou muito quando eu tava em um momento horrível, essa parte final teve muito mais sentido e nostalgia. Muito obrigada ludo seus vidios me ajudaram quando eu estava extremamente mal e hoje em dia estando bem, me sentindo muito feliz em ver seus videos, tanto antigos quando recente, e ve q vc me ajudou muito e q hj não estou mais mal e da uma sensação nostálgico esquecida. Tipo lembrando q coisa triste me da uma nostalgia felize, e lembrando de coisas boas da uma nostalgia triste, que doido.

Longo e bem sem sentido pra esse vídeo, mas queria propor uma pergunta que notei no final do meu comportamento. Por que quando vemos situações passadas difíceis, que hojem em dia nao ocorrem mais e ficamos felizes? E quando relembrando memórias felizes ficamos tristes?

Essa pergunta ao meu ver não é  tao difícil de responder, mas gostaria de ver seu ponto de vista sobre e no formato que vc faz seus vidios. E te proponho também um assunto fácil, ate pq vc sempre tras reflexões complicadas então algo facil as vezes e bom pra cabeça.",Pra você que pensa e sente demais | A filosofia da ansiedade,POSITIVO,OK,"Acho que o ideal seria marcar como tangencial,
mas ainda acho que faz sentido deixar como
positivo"
UgyZkZN913ajI-zR7JJ4AaABAg,"Esse vídeo é um abraço em muitas mulheres, Ju! Porque muitas não tem coragem de conversar sobre isso nem  com profissional. ❤",O RETORNO DA PEPEKA DEPOIS DO PARTO NORMAL VAGINAL | Juliana Goes,POSITIVO,OK,
Ugwn5DQE8N461Nh97ht4AaABAg,"Eu tive que parar o vídeo, simplesmente na parte que eu vejo o ator contratado eu apenas vim dizer, absolute cinema. 🙌🏾 Valeu a pena esperar 11 meses.",Pra você que pensa e sente demais | A filosofia da ansiedade,POSITIVO,OK,
UgwQw5pMiEFyni5qdKp4AaABAg,Vc Descreveu Minha Filha Com Meu Neto Senhor Aqui Não Dá Pra Seguir 100% nãooo TÁ TENSO!,MEU FILHO NÃO DORME | SONO DO BEBÊ por Juliana Goes,TANGENCIAL,OK,"Acho que um humano classificaria esse comentário
como positivo, mas realmente não tem nada objetivamente
positivo a respeito do vídeo."
UgxIJ_gY6Anb6R-ctZN4AaABAg,❤❤❤👏👏👏,Por que sou ateu? Leandro Karnal reage a comentários sobre religião e ateísmo,POSITIVO,OK,
Ugz8pdgp8kVuiHjpLIJ4AaABAg,Só vi verdades,CASAR PARA QUÊ? | MARIA HOMEM,POSITIVO,OK,
UgzTkpsZFXWoIQ-Hg254AaABAg,Esse caso é um nojo do início ao fim! Pior é saber que a impunidade vai permanecer pra todos os outros abusadores,Caso Epstein: Como o Sistema Falhou por 14 Anos? | ANA BEATRIZ,TANGENCIAL,OK,
Ugy-CoHKj5GfDGU7kON4AaABAg,💜,Você tem tudo para estar bem... mas não está.,POSITIVO,OK,
UgxNXmlwFT2DOQflIB94AaABAg,Ualll!!🙏❤️‍🔥,Continue fingindo que nada mudou  #saudemental #reflexão #mudança #autocuidado #tempodecrescer,POSITIVO,OK,
UgxUMDIbRI9JEX-KPy54AaABAg,Brilhante!!!  Vai me ajudar muuuiiito!,Estoicismo: a Filosofia da felicidade e do desapego | Leandro Karnal,POSITIVO,OK,
UgwKYtV0e7RkmxerXwp4AaABAg,meu marido é tudo isso junto ele acabou com minha voda social tive depresao e deaejo de suicidio hj meu pisicologico ta no fundo do poço.pessoas assim sao doentes ou é safadeza mesmo,Rossandro Klinjey - Como conviver com pessoas abusivas e tóxicas,TANGENCIAL,OK,
UgzFWmls47dqF99rVP54AaABAg,E quando a filha tem todos esses sintomas  e comportamentos acusa a mãe de ser Narcisista e odeia de uma forma assustadora??,Rossandro Klinjey - Como conviver com pessoas abusivas e tóxicas,TANGENCIAL,OK,
UgyAdoGrq5iWd8n2Vqt4AaABAg,Perdoar é  deixar de pagar a conta do agiota.  Definição perfeita!,Quem te machucou não merece sua energia #saudemental #reflexão #mudança #autocuidado #tempodecrescer,POSITIVO,OK,
UgxeC-25TxjkesM18bZ4AaABAg,"video sus. não tem como cope com tantas analogias phoney ao invés de linguagem e postura mais chad e based. Sigmas não tem brainrot, isso é coisa de beta e gooner",O PERIGO REAL sobre o novo TDAH que ninguém te contou,NEGATIVO,OK,Engraçado
UgwQ3g54ZmDhJpOpyIZ4AaABAg,"A intervenção é a Agroecologia, Jout Jout ♥️🌱",ENCERRAMENTO MASSA,TANGENCIAL,OK,
UgzCy3JTa-7NkiF47314AaABAg,"Tebet e o consórcio Nordeste?, 50 milhões de reais para comprar respiradores e nenhum respirador chegou no nordeste na pandemia, pq vc não quis abrir CPI? 
#nãoconfio","SIMONE TEBET, MARIA HOMEM | ELEIÇÕES: RETA FINAL (LIVE)",NEGATIVO,OK,
UgyAA0jrWTxKNdSOj354AaABAg,💛💛,Desapego: por que soltar é tão difícil?,POSITIVO,OK,
UgzWLCc7XhYeyB4LrYB4AaABAg,"Descobri recentemente que minhas mãe e narcisista e por isso vivia a vida depreciva baixa alto estima, me fechei para o mundo , não vivia aminha vida e sim a dela, frustrada, e sentido a formiga do cocô do cavalo do bandido pensava que a errada era eu , me sentia mau ,  preciso de ajuda",O que fazer quando o narcisista convive com você? #98,TANGENCIAL,OK,
UgyjMIDGDPGpS-EkhiB4AaABAg,Amei este vídeo 'sincerão'.,BBB | Respondendo sobre a minha experiência no Big Brother Brasil,POSITIVO,OK,
UgxoJbRDkUI2qYJhS-l4AaABAg,💙,5 sinais de que você é imaturo emocionalmente e não sabe,POSITIVO,OK,
UgzJc2w1pHEOrRoc_hF4AaABAg,"Nada a ver o papo dessa tia brizada. 😂😂😂 Homens amam as mulheres, as mulheres precisam dos homens. O homem gosta da mulher por atributos intrincicos a elas. Já as mulheres tratam os homens com utilitarismo, naquilo que eles podem prover ou proporcionar a elas. Ou seja, se olhar a realidade, quem não gosta de quem é a mulher! A realidade dá um banho no papo dela. 😂😂😂",Feminicídio no Brasil: por que homens odeiam mulheres? | Maria Homem,NEGATIVO,OK,
UgychO7q4bSm1ABgbh94AaABAg,"Fico sem vontade pra começar as coisas, mas quando faço fico feliz da vida. Quando é pra sair, tenho vontade de não ir e pedindo pro povo desmarcar, mas quando vou sou a primeira a me divertir. Em relação ao trabalho não consigo sustentar a empolgação inicial",RECUPERE O PRAZER DE VIVER: A cura para o Esgotamento Mental - ANEDONIA,TANGENCIAL,OK,
Ugx_ZNDGBRRZslGTFIB4AaABAg,"Que video mais sem nexo. Falou nada com nada. Essa analogia do desenho é estupida. Ok, compreendo o que me faz triste, e aí? Trabalhar pra melhorar aquilo que me mata é impossivel na slciedade atual, nao tenho tempo e nem dinheiro pra investir njm psicólogo.
Estar vivo só é uma merda e onpeso da existência é uma merda.",Assista quando estiver deprimido,NEGATIVO,OK,
UgwCQBq3NJZyeQM7to14AaABAg,Só eu chorei?,GIRLS EDUCATION: ELAS QUE LUTAM,TANGENCIAL,OK,Pode ser positivo
UgzUXZr22fjAlAN_QXx4AaABAg,"eu, uma adolescente de 14 anos, me sinto velha por n ter conquistado o mundo, e me sinto numa bolha sem sentido, presa, a uma corrente q eu mesma fiz, e fiquei meses, na verdade, dois anos até agora presa no meu próprio pensamento de insuficiência, hoje, lembrei do ludoviajante, peguei um caderno antigo, fiz uma capa nova, e estou aqui, vendo esse vídeo, e me sinto abraçada, já q a tanto tempo eu n fazia um quadro, algo q gostava por me achar menor, obrigada, e por você, q confio em QM demora pra reproduzir vídeos, pq qnd chega, e tão reconfortante, obrigada novamente.",Como a vida moderna destrói seu foco - e o que fazer | Geração TDAH,TANGENCIAL,NOK,Claramente positivo
UgwM_iM_wx1A-Q9k4WF4AaABAg,"Sou de esquerda, mas quando vi  Simone TEBET na CPI da pandemia. Logo pensei: essa mulher  vai longe","SIMONE TEBET, MARIA HOMEM | ELEIÇÕES: RETA FINAL (LIVE)",TANGENCIAL,OK,
Ugwap3zi9lvy4FsxHIt4AaABAg,"Isso serve para a família, inclusive ❤",Continue fingindo que nada mudou  #saudemental #reflexão #mudança #autocuidado #tempodecrescer,POSITIVO,OK,
UgyLd3SVmbHldLL0kxJ4AaABAg,12:30 rindo muito aqui 😂😂 amei,Amor aos pets: a relação entre seres humanos e animais na História,POSITIVO,OK,
UgzKf6FOZh4bmNGCBuB4AaABAg,💛💛,Como resgataria meu amor-próprio,POSITIVO,OK,
UgwyU5yI4JUBOGu40id4AaABAg,5:08  mas e se você se sente no vazio após acordar?,Assista quando estiver deprimido,TANGENCIAL,OK,
UgzdZFkUKvCHm01vfrN4AaABAg,"Seus vídeos sempre me ajudaram nos meus piores momentos, volta a postar pf",Assista quando estiver deprimido,POSITIVO,OK,
UgxZVtu4mfqfXpXq0BJ4AaABAg,"Cara, simplesmente obrigado. Vou assistir esse vídeo sempre que tiver um tempo.",Pra você que pensa e sente demais | A filosofia da ansiedade,POSITIVO,OK,
UgwI9xGJir6qelAjCF94AaABAg,💜💜💜,Você tem tudo para estar bem... mas não está.,POSITIVO,OK,
UgyumYOFBo6oaqpnQkV4AaABAg,"Eu assisto. Essa série faz bem, faz chorar, dormir e refletir sobre a vida. Nós também idealizamos a família Pearson","Karnal Recomenda: ""This Is Us"" - 6ª temporada | Leandro Karnal",TANGENCIAL,OK,
Ugwu9r3A6AmrQdfnMV14AaABAg,Jesus o garoto propaganda das empresas chamadas de igreja.,O Caso Epstein: Quando o Poder Compra a Justiça | ANA BEATRIZ,TANGENCIAL,OK,
Ugx5wIhPkTjgdrMd_zl4AaABAg,Não consegui entender o que ela explicou hoje. 😢😢😢,Aula 2: O Jeito Certo de lidar com o TDAH - Dra. Ana Beatriz Barbosa,TANGENCIAL,OK,Ou negativo...
Ugz9BcQSCUxiZqY1W0d4AaABAg,Eu deixei de me amar,O que fazer quando o narcisista convive com você? #98,TANGENCIAL,OK,
UgypQ8HyLzzCfgYgGIl4AaABAg,💜 vc é uma pessoa incrível!!,Você tem tudo para estar bem... mas não está.,POSITIVO,OK,
UgwjwRcWDsMsOljeiiF4AaABAg,"Tentam-nos subjulgar o tempo todo, hoje aos 66, casada por duas vezes, desisti, melhor só e tranquila do que sendo apontada o tempo todo, exigindo a perfeição que eles não tem, nunca tiveram e jamais terá.",Feminicídio no Brasil: por que homens odeiam mulheres? | Maria Homem,TANGENCIAL,OK,
UgzCuVPOiIBhIFvhzdt4AaABAg,Papo típico de classe média que gosta de dá aparência intelectualizada às conversas. Kkkk,CASAR PARA QUÊ? | MARIA HOMEM,NEGATIVO,OK,
UgybCds8Biu9OSX0m0B4AaABAg,Excelente!!!,Leandro Karnal desafia o ChatGPT,POSITIVO,OK,
Ugz5DTESsaDSulEZ4AB4AaABAg,Abençoada!🤍👏👏👏,O Caso Epstein: Quando o Poder Compra a Justiça | ANA BEATRIZ,POSITIVO,OK,
Ugxnp9xGc7fe8KxlEvt4AaABAg,"Ju, eu não gostava de você no programa hehe. Mas, foi muito engraçado, porque um tempo depois de você ter saído, quando você criou seu canal aqui no YouTube eu comecei a te seguir e só depois percebi que você era a Juliana Goes. Desde então acompanho seu trabalho: antes e você conhecer o Crica, depois que você conheceu, casamento, filhos, suas fases de exercício físico... tudo. E foi você quem me ensinou a levar uma vida minimalista, obrigada por isso.",BBB | Respondendo sobre a minha experiência no Big Brother Brasil,POSITIVO,OK,
UgxTECK4OX5ec2HFD3R4AaABAg,👏👏👏👏❤,Faça o seu teste da autoestima! Aula 01 | Oficina Autoestima Curativa,POSITIVO,OK,
UgyOq9l7uQ89IK2Bjvh4AaABAg,"Sei bem como é isso. Meu filho acordava 8/ 9 vezes durante a noite. Eu chorava de desespero. Só melhorou com o desmame total. Foi tenso, mas a gente esquece 😅",MEU FILHO NÃO DORME | SONO DO BEBÊ por Juliana Goes,TANGENCIAL,OK,
UgyUAX6MzuimVcgqdY94AaABAg,"Casar pra quê? Pra morrer de trabalhar, servir e abrir mão de um monte de coisas",CASAR PARA QUÊ? | MARIA HOMEM,TANGENCIAL,OK,
UgySzBfYg07aGUXHiyt4AaABAg,Que  baboseira,CASAR PARA QUÊ? | MARIA HOMEM,NEGATIVO,OK,
UgxXN1RiEtMe0FGczmJ4AaABAg,"Sou ateísta também. E acho um pouco opressivo o comportamento religioso de alguns brasileiros, principalmente, na política institucional. Fora isso, ignoro porque é uma questão particular. Evito o assunto porque algumas pessoas são muito autoritárias. E eu sou preguiçosa demais para debater esse tema. 😂 Adorei sua resposta.",Por que sou ateu? Leandro Karnal reage a comentários sobre religião e ateísmo,POSITIVO,OK,
UgzKFuVxPnrYKn84_AR4AaABAg,"A pornografia está escancarando a misogini4. São vídeos trucidando as mulheres, são diversas lesões corporais nesses vídeos, torturas, diversos crimes gravados e comercializados. Ninguém vai falar disso???",Feminicídio no Brasil: por que homens odeiam mulheres? | Maria Homem,TANGENCIAL,OK,
UgymXA7lTKKGaZGH9UJ4AaABAg,Isso aí. Esse comentário serve de alerta! 👏👏,Caso Epstein: Como o Sistema Falhou por 14 Anos? | ANA BEATRIZ,TANGENCIAL,NOK,Positivo
UgwR9oDMuQUWEWqQozp4AaABAg,"Porque escondeu o seu casamento, um momento tão importante na nossa vida ??
 Se tivesse alguma religião teria princípios éticos e não teria casado com aquele garotinho,  porque ali não é natural, tem interesses e não amor!
Eu não seguia você antes porque é chato e arrogante … mas tem quem goste, talvez porque são iguais e aprovam seu comportamento",Por que sou ateu? Leandro Karnal reage a comentários sobre religião e ateísmo,NEGATIVO,OK,
UgwQlygedq2MzRbxGlh4AaABAg,"Que vide interessante e uma comédia ao mesmo tempo, parabéns 😂😂😂",Como a vida moderna destrói seu foco - e o que fazer | Geração TDAH,POSITIVO,OK,
UgyLmWPxqndVlKacat54AaABAg,Os sinais de uma sociedade doente são os sintomas que isto causa um deles é se auto rotular como pai mãe de Pet.,Amor aos pets: a relação entre seres humanos e animais na História,NEGATIVO,NOK,Tangencial
UgztXXS0tHbdCzB9qo54AaABAg,💛💛💛,Como resgataria meu amor-próprio,POSITIVO,OK,
UgwdGZk2XfhzZAdWbF14AaABAg,que saudade,EXPRESSÃO MÁXIMA DO DESCONFORTO | PARTE 2,TANGENCIAL,OK,
UgyqBtt6C0fClc3CT614AaABAg,"Nossa... Me identifiquei muito com isso, e essa dificuldade de fazer amigos pra mim é bem complicado
Apesar de que pra mim, eu já me machuquei muito e já machuquei muitas pessoas por criar muitas expectativas sobre elas, e no final, eu me sentia muito mal, já que, esse lance de proximidade em relação em fazer amigos num era muito o meu forte",como fazer amigos depois do isolamento (e paranóias de ser chata),TANGENCIAL,OK,
UgzXT1oTdX5XvHv7RMF4AaABAg,"Tudo são fases , minha linda.
Meu filho sempre me deu trabalho quando bebê.
Elétrico parecia que a bateria era contínua. Rs
As vezes trocava os horários e na maioria das vezes , acordava pelas 6 da Manhã e as 00:00 estava com todo disposto , com os olhos regalados, relutando em dormir.
Eu tentava de tudo, chás, acalentava no colo , tv, música..
Só tinha um jeito, eu desligava tudo, apagava a luz , e um detalhe , dormia só segurando minha mão, tanto que se acostumou dormindo comigo.
Quarto só lhe servia para brincar.
Barulho e luz lhe fazia ligar a bateria rsr
Nesse período é desgastante mesmo, uma opção é colocar músicas relaxantes para bebê.
Eu já cortei as mamadeiras pela madrugada , porque o pediatra disse que a noite era para dormir e não mamar.
Dê a última mamadeira reforçada.
Meu filho está com 18 anos , meu amigão.
Tenho certeza que essa fase vai passar.
Relaxa e não fique apegada nos detalhes da rotina , cada criança tem seu jeitinho, e nada melhor que respeitar e você se respeitar , que nada é perfeito , nem sempre a rotina segue corretamente , cada dia é diferente do outro e pode acontecer imprevistos.
Falo como professora de educação infantil e a rotina serve para direcionarmos e não que sejamos obrigados a seguir a riscas.
Essa fase vai passar !
Muita luz pra você e sua família !!
🌹🌹🌹🌹🌹",MEU FILHO NÃO DORME | SONO DO BEBÊ por Juliana Goes,TANGENCIAL,OK,
UgzclFi3lXjKVEMknhB4AaABAg,"Tô cansada de novos dias, por que eles sempre são idênticos aos velhos
Se eu pudesse gostaria de não poder nada, eu vivo um ciclo cheio de dependência emocional da minha família, e elas andam me quebrando...eu gostaria de desabafar com alguém, mas sempre sinto que se eu fizer isso estarei me vitimizando...
Eu já tentei desabafar com uma pessoa, e disse a ela que não sabia se eu estava realmente com depressão, ou estava fingindo, então ele me disse
""Se uma pessoa finge ter depressão, então a algo fe errado, não com ela...mas para ela""
Nessa hora percebi que não exista dor que não exista, e se eu estiver me sentindo de um jeito, não é vitimização, é a reação das minhas problematização",Assista quando estiver deprimido,TANGENCIAL,OK,
UgyZEo52Wi9kfP7u9R14AaABAg,Mto bom tds comentarios obrigado por ter esses relatos das pessoas falarem da vida cada uma. Deus abençoe tds,"1ª Live da série especial ""Quando eu cuido de mim"" com Rossandro Klinjey",POSITIVO,OK,
UgwZI9lY7VAXeIRPN2V4AaABAg,ISSO TEM QUE SER DEFINITIVAMENTE BANIDO....MAS AGORA SERÁ QUE VÃO CONSEGUIUR? COITADA DA NOVA GERAÇÃO.,Leandro Karnal desafia o ChatGPT,NEGATIVO,NOK,"Tangencial, se refere ao GPT"
UgxRuc5zsta4jSeTnah4AaABAg,"Não é,o senhor,  vc dita as normas, não o considero! Aprenda que a inteligência, não é o que só vc pensa uma pessoa caipira, pode ter mais inteligência e conhecimento do que o senhor e aliás inteligência tbm significa humildade! O Sr. Tem......",O que é ser inteligente hoje? A NOVA INTELIGÊNCIA | Série Profissional do Futuro #2,NEGATIVO,OK,
UgzMV1rYjYZ4DgR7Ohh4AaABAg,"Elegante, sempre! Que prazer ouví-lo!!",Por que sou ateu? Leandro Karnal reage a comentários sobre religião e ateísmo,POSITIVO,OK,
Ugx7lTDvULrQk-3mFhJ4AaABAg,"É simplesmente a melhor série de todos os tempos, temos tanto a aprender com os Pearson, é um espetáculo a cada episódio, emoção a flor da pele. Terminando na sexta temporada, vou ter muita dificuldade de me despedir dessa tão linda história.","Karnal Recomenda: ""This Is Us"" - 6ª temporada | Leandro Karnal",TANGENCIAL,OK,
UgyGB88AvtmJxe6UCt94AaABAg,"Só volta vai! 🙏🏼 
Tudo bem que você não está no mundo para atender as nossas expectativas, mas eu adorava tomar café, te assistindo, imaginando que éramos amigas falando falando sobre nada e TUDO, ao mesmo tempo.",GIRLS EDUCATION: ELAS QUE LUTAM,TANGENCIAL,OK,
UgxWWy8OF68Ri4Ms-Cl4AaABAg,❤,Continue fingindo que nada mudou  #saudemental #reflexão #mudança #autocuidado #tempodecrescer,POSITIVO,OK,
UgyRfaAuLAhvZt9Auid4AaABAg,"Gostei muito do conteúdo, parabéns!❤",27 lições com 27 anos,POSITIVO,OK,
Ugw0Y6_2NJjrAt5a7mJ4AaABAg,"O que não tem remédio, remediado  está! Já dizia minha mãe ❤",Estoicismo: a Filosofia da felicidade e do desapego | Leandro Karnal,POSITIVO,OK,
UgwzgU-T_EHUhr9SAvJ4AaABAg,🩵,5 sinais de que você é imaturo emocionalmente e não sabe,POSITIVO,OK,
UgxLEMXsEfkHhhWkElJ4AaABAg,Muito triste essa situação 😔,Adolescentes Violentos: Um Sinal de Alerta Urgente! | ANA BEATRIZ,TANGENCIAL,OK,
UgyH4encvFq1CkesY5V4AaABAg,💜,Você tem tudo para estar bem... mas não está.,POSITIVO,OK,
Ugxco9P37sbWhOipHs94AaABAg,impossivel assistir um video com comercial a cada 1.minuto,Rossandro Klinjey - Como conviver com pessoas abusivas e tóxicas,NEGATIVO,OK,
Ugy76n-goyzYgddMhXt4AaABAg,Tebet para presidenta!!! ja!!!,"SIMONE TEBET, MARIA HOMEM | ELEIÇÕES: RETA FINAL (LIVE)",POSITIVO,OK,
UgyMLubAjVF1UWuiwhV4AaABAg,💛,Como resgataria meu amor-próprio,POSITIVO,OK,
UgyZ-kavePtozreEo4N4AaABAg,Precisava ouvir isso...💖,você não é seu desempenho.,POSITIVO,OK,
Ugwsz_DG0OOmul1QeaV4AaABAg,"Que Luz🌟🌍🌟 Rosandro Es uma  Luz para nós... Nos  ensinado a ser  Luz para os outros. Uma Mundo iluminado de pessoas  Radiantes de Amor e Pacificador e Harmónioso , tudo se torna mais Lindo. Que a Luz , o Amor e a Paz de Cristo  Reina  Sobre toda  Terra.💕🌍💕🙏🏽😇","1ª Live da série especial ""Quando eu cuido de mim"" com Rossandro Klinjey",POSITIVO,OK,
UgyOWW4W-TNqzcja5Px4AaABAg,"Sabe o que é... triste não, lamentável...? A quantidade de anúncios a cada visualização de vídeos desse canal. Insuportável. Inviabiliza totalmente a permanência... Que pena.
A gente tenta, mas impossível! 
Chau!! Bom domingo",Rossandro Klinjey - Como parar de sentir tristeza?,NEGATIVO,OK,
UgzIQfoheg51R4bNQ4R4AaABAg,Pelo amor de Deus Ju!!! Eu aguardo esse vídeo patinando desde sempre!!!! s2,BBB | Respondendo sobre a minha experiência no Big Brother Brasil,POSITIVO,OK,
Ugx-BxQtrm_jXMAK4aV4AaABAg,"Chocada!!! Não sabia que tinha participado nem que era a guria que desmaiou, ai gente KKKKK",BBB | Respondendo sobre a minha experiência no Big Brother Brasil,POSITIVO,OK,
UgwRFEEkQSxehm1RF4d4AaABAg,"Linda tarde!!!
Frases de Clarice é show!
Não deixe ninguém tentar tirar seu brilho. Antes eu não conseguia ter foco,sou tec.de enfermagem, artesã, massoterapeuta, assim sendo essa falta de foco foi por tentar crescer mais sem pensar em mim. A prioridade era  mostrar para o outro,agradar o outro.
Quando focamos e desatamos sentimentos escarsos, enchergamos  a verdadeira paz interior. Ou seja vida equilibrada ! 
Gratidão Rossandro e boas vibrações:)",Faça o seu teste da autoestima! Aula 01 | Oficina Autoestima Curativa,POSITIVO,OK,
UgxPyuzFWIWcWv3egu94AaABAg,A internet está cheia de informação mas resolver o problema ninguém resolve. Congresso e mais congresso,RECUPERE O PRAZER DE VIVER: A cura para o Esgotamento Mental - ANEDONIA,TANGENCIAL,OK,
Ugy5NIotZH_REvU4FRx4AaABAg,Não tive filhos e não me arrependo.A cada dia agradeço ter tido essa lucidez❤,CASAR PARA QUÊ? | MARIA HOMEM,POSITIVO,NOK,Tangencial
UgzKbBVBxzm-PwUPHt14AaABAg,Pra quem é antisocial e sair de casa é um INFERNO isso tudo é MUITO DIFÍCIL!!!!,como fazer amigos depois do isolamento (e paranóias de ser chata),TANGENCIAL,OK,
UgyHpsz7JpehNYpwFZF4AaABAg,Top 👏👏👏,Pra você que pensa e sente demais | A filosofia da ansiedade,POSITIVO,OK,
UgyHl5DAoq8F_QmUicl4AaABAg,Sempre hábil o Professor Karnal.,O que é ser inteligente hoje? A NOVA INTELIGÊNCIA | Série Profissional do Futuro #2,POSITIVO,OK,
UgxLgowyVXmAZSDTQOB4AaABAg,Genial.,Por que sou ateu? Leandro Karnal reage a comentários sobre religião e ateísmo,POSITIVO,OK,
Ugwjy115u06xrQHraTN4AaABAg,"Muito injusto o título do vídeo, se não tem cura ainda, Já tomei todos esses venenos mencionados e nenhum adiantou.",RECUPERE O PRAZER DE VIVER: A cura para o Esgotamento Mental - ANEDONIA,NEGATIVO,OK,
UgyxMHKtfrRG6NL-WL94AaABAg,"Eu descobri que afinal tenho TDAH há dois dias, e assistir essa aula eu mi vejo em tudo e faz muito sentindo. Muito esforçado muita dedicação mais uma facilidade tremenda de distração. Mas por outro lado tem  coisas que gera uma satisfação que sou capaz de ficar o dia inteiro, e não percebia  porque era assim m, quantas vezes eu já cobrei de mim. Gratidão 🙏 por trazer informações que nos ajudam a nos mapear 😮",Aula 2: O Jeito Certo de lidar com o TDAH - Dra. Ana Beatriz Barbosa,POSITIVO,OK,
UgwLZfLPd3ups0d5QW94AaABAg,"Jout, vc já estava grávida nesse vídeo!!",ENCERRAMENTO MASSA,TANGENCIAL,OK,
UgwE3Va45l7eGyyYQhF4AaABAg,"Gosto muito de Maria Homem, mas neste video não falou coisa com coisa...falou muito sobre algo que não entende nada...",SER HOMOSSEXUAL É PECADO? | MARIA HOMEM,NEGATIVO,OK,
Ugwpl2aofoVNlgnBWMd4AaABAg,"Não casei, não tive filhos. Absolutamente aceitei o fluxo que a vida seguiu. Sou feliz com minha profissão,  me dedico aos meus pais que estão idosos e vou encarando a vida de forma humildade e perseverante.  Namoro há 7 anos, mas cada um na sua casa (estamos há 100 km de distância) e administramos isto naturalmente. Belas palavras Maria ❤",CASAR PARA QUÊ? | MARIA HOMEM,POSITIVO,OK,
UgyQvcZkioFsD6htVQR4AaABAg,"Sim, Ju! A fisioterapia pélvica é importante em todos os estágios da gravidez, no puerpério também. Inclusive se tivesse feito durante a gravidez poderia ter evitado a laceração. Mas vale ressaltar, não é só para grávidas, mas para mulheres e homens!!",O RETORNO DA PEPEKA DEPOIS DO PARTO NORMAL VAGINAL | Juliana Goes,POSITIVO,OK,
UgyjNYQH-n8bPPCOQD14AaABAg,❤,Como resgataria meu amor-próprio,POSITIVO,OK,
Ugy8poZwsTt-cwR4ToV4AaABAg,💛,Desapego: por que soltar é tão difícil?,POSITIVO,OK,
UgxMQb0TxD9GUrtMee94AaABAg,"Sempre terá alguém melhor em uma coisa que vc se considera ""bom"", depois de entender isso parei de ser  ""perfeccionista"" e entender que tudo é sobre aprender e aprimorar se divertindo no meio do caminho, errando e aprendendo que faz parte do processo.",Assista quando estiver cansado da vida | A filosofia de Sartre,TANGENCIAL,OK,
UgzunPNC66Kmtq8VLFN4AaABAg,"Abdome fraco e musculatura do assoalho pélvico fracos podem gerar prolapso genital, e este tem vários graus.😉 Ótimo falar nisto Ju.",O RETORNO DA PEPEKA DEPOIS DO PARTO NORMAL VAGINAL | Juliana Goes,TANGENCIAL,OK,"Positivo, mas acho que OK nesse caso"
UgxnmAl5ScmcP7xtnK14AaABAg,Que fofa 🥰,"estar pronta é uma decisão, não um sentimento",POSITIVO,OK,
Ugx-yiQ8mvMKZab8XI54AaABAg,"Não creio num Deus onipotente, que quer o bem dos homens que permita tamanhas crueldades no mundo (B. Russell). Aqui não há abertura pra livre arbítrio, pq se um Deus é onipotente, terá onipotência, isso é lógico. Sou agnóstico, não creio mas nem excluo a possibilidade de que a ciência possa explicar a existência de um Deus. Respeito a todos que creem e não quero ser julgado por minhas escolhas.",Por que sou ateu? Leandro Karnal reage a comentários sobre religião e ateísmo,TANGENCIAL,OK,
UgwIK2eMLnFd89tpFuR4AaABAg,O ruim da laceração é q tem médico fdp q faz o “ponto do marido” pra deixar “mais apertada” pro marido ignorando completamente q a mulher vai sentir mta dor. Além dos pontos necessários eles acrescentam um “extra”. Se já é difícil pra mulheres q não sofrem com esse ponto desnecessário imagina pra quem sofre?,O RETORNO DA PEPEKA DEPOIS DO PARTO NORMAL VAGINAL | Juliana Goes,TANGENCIAL,OK,
UgwPCd0ydcYeZuNJ9Q14AaABAg,"Muito bom. Pena que, no final, ao trazer sua experiência ( bem-sucedida) materna e casamento hetero, conotando boas escolhas, o tema me pareceu tendencioso 😢",CASAR PARA QUÊ? | MARIA HOMEM,NEGATIVO,OK,
UgyHCsbUzsYXlFjngQh4AaABAg,O prazer foi meu 🙏🏼 gratidão mestre,Estoicismo: a Filosofia da felicidade e do desapego | Leandro Karnal,POSITIVO,OK,
UgzynjvlYBnvFRUC_2l4AaABAg,❤Wow! You are the Best! ❤👏👏👏👏👏👏👏👏,"Karnal Recomenda: ""This Is Us"" - 6ª temporada | Leandro Karnal",POSITIVO,OK,Provavelmente BOT
UgzCFbeMFpuA4_qq9Ql4AaABAg,"Eu já fiz essa rota, 2020. Foi muito importante pra mim. Quero fazer de novo. Muito bom te acharrr aquii. Quero ficar pronta fazer de novo","estar pronta é uma decisão, não um sentimento",TANGENCIAL,OK,
UgxD5IF1C1pFwvrrVK14AaABAg,Que trabalho FODA!,Pra você que pensa e sente demais | A filosofia da ansiedade,POSITIVO,OK,
UgzrYerrl6O6PVygB-R4AaABAg,O perdão trás leveza é muito bom eu vivo buscando esse auto perdão inclusive pra mim mesma.❤❤❤,Quem te machucou não merece sua energia #saudemental #reflexão #mudança #autocuidado #tempodecrescer,POSITIVO,OK,
Ugx6zLurUkkRMBFe5aN4AaABAg,"Nova doenca derivada da burrice, parabens piranha",O PERIGO REAL sobre o novo TDAH que ninguém te contou,NEGATIVO,OK,Eu odeio a humanidade
Ugzu_cjPsIZ9dn5lDCd4AaABAg,"Dia 25 de junho  meu aniversario  dia 25/12/2023 uma criança feliz com amigos uma festa grande com comida refri doces bolo,brincadeiras legais ,tudo perfeito.  Dia 28/1/2025 Eu temia a morte agora quem procura a morte sou eu,so queria viver feliz como uma criança normal 💔",Assista quando estiver deprimido,TANGENCIAL,OK,
Ugy-AHZqx28M8N73h_d4AaABAg,Perfeito,Continue fingindo que nada mudou  #saudemental #reflexão #mudança #autocuidado #tempodecrescer,POSITIVO,OK,
UgznWsvaPxhdJd9SbW94AaABAg,"Você descreveu minha vó, estou chegando no limite do convívio. É muito cansativo viver com pessoas assim!",Rossandro Klinjey - Como conviver com pessoas abusivas e tóxicas,TANGENCIAL,OK,
UgwLwuMcEj8_fa1dtfh4AaABAg,"Que poema haveria no tardar da hora ...estimado seria minha vergonha agora, saber fazer versos em uma escola 
E pedir desculpas, e tbm uma esmola...de métricas eu não sei, cresci emendando rabiola...essa IA surgiu do nada e do nada será?
Vamos com calma e tudo se resolverá...",Leandro Karnal desafia o ChatGPT,TANGENCIAL,OK,
Ugy22kkyEBNXripWTWt4AaABAg,💛,Desapego: por que soltar é tão difícil?,POSITIVO,OK,
UgxQDoTXzqoaJmjdTJp4AaABAg,Alguem em 2024 chorando por nao ter mais jout jout 😢,ENCERRAMENTO MASSA,TANGENCIAL,OK,
UgyAhPME6Hie-9PZJWl4AaABAg,Eu tô assim sem prazer Pará nada 😢,RECUPERE O PRAZER DE VIVER: A cura para o Esgotamento Mental - ANEDONIA,TANGENCIAL,OK,
UgyoUPAxb9iwSTQAcCV4AaABAg,"Eu sinto essas coisas quando estou com hipoglicemia, quando acordo, quando passo mais de 24 horas sem proteína animal",O PERIGO REAL sobre o novo TDAH que ninguém te contou,TANGENCIAL,OK,
UgwYym3UB5bkizoJZGV4AaABAg,Obrigada,Assista quando estiver deprimido,POSITIVO,OK,
UgzX6DVC3Mo_w-rnrCp4AaABAg,"e que Porra de Nome Feio é esse,
Maria Homem. Homem Você não é.

Doidona.",Feminicídio no Brasil: por que homens odeiam mulheres? | Maria Homem,NEGATIVO,OK,
Ugz4P69VQus9k_X6GiJ4AaABAg,"Ju! Poderia ser eu falando tudo isso, palavra por palavra. Estamos passando exatamente pela mesma coisa! Obrigada por compartilhar, me senti abraçada! ❤️",MEU FILHO NÃO DORME | SONO DO BEBÊ por Juliana Goes,POSITIVO,OK,
UgzrmnEOCuE1QwiFdil4AaABAg,Vim aqui emocionadíssima pq acabei de descobrir que a Jout teve neném e é mãe agora 🥹🤍😭,AGRADECIMENTOS FINAIS,POSITIVO,OK,
Ugw9i9qrMuW4QL4DCnd4AaABAg,Rapaz. que publicidade da zorra. vende mais a série do que ficar popando anuncios em rede de display e por ai vai. Essa é a Publi que pega a pessoa pela emoção,"Karnal Recomenda: ""This Is Us"" - 6ª temporada | Leandro Karnal",NEGATIVO,OK,
UgwLKpSpuPA9toqEr7F4AaABAg,"Mais conhecida como:
A MELHOR SÉRIE DO MUNDO.","Karnal Recomenda: ""This Is Us"" - 6ª temporada | Leandro Karnal",TANGENCIAL,OK,
UgymXHgItxaHwCCW_Md4AaABAg,"Terminando de assistir o detox emocional, a qual ameiiii!!! Gratidão pela oportunidade ... Me deparei com esse vídeo... amando te ouvi!! Vou procurar  CUIDADNDO DA ALMA | EPISÓDIO #01 RSRSRSRSR",Rossandro Klinjey - Como parar de sentir tristeza?,POSITIVO,OK,
UgxUjTOGD9IIMSZnR2p4AaABAg,"Pode parecer incrível mas convivo com uma irmã narcisista desde que minha mãe faleceu! 
Minha mãe sempre achou que irmãs tinha que ser companheiras, mas isso nunca aconteceu! Meu pai sempre foi carinhoso comigo porque eu era com ele e ela nunca foi com nenhum dos dois! Meus pais eram carinhosos com ela e ela nunca retribuia. Ela sempre foi seca! Por eu ser diferente, ser mais   amorosa a minha família sempre foi mais apegada comigo! Ela é do tipo que não visita uma pessoa doente ou quando tem bebês, geralmente ela não gosta de pegar crianças no colo ou conversar com elas! Meus pais davam mais presentes a ela por ser a mais nova! Enfim, depois da morte deles me meti na armadilha de estar com ela em qualquer situação e isso fez ela muitas vezes me manipular!
Eu estou me libertando agora! 
Conheci uma pessoa que me ajuda e nunca deixei de ter minha rede de apoio! Vou me casar com uma pessoa que sabe exatamente o que ela é, pois também veio de um lar onde o pai era narcisista! Estou me curando,não a odeio,mas estou melhorando e vou superar tudo o que passo!",O que fazer quando o narcisista convive com você? #98,TANGENCIAL,OK,
Ugwf6drWM0pTy06YXDx4AaABAg,"Gratidão e é isso q quero pra mim essa mudança interna , obrigada Rossandro","1ª Live da série especial ""Quando eu cuido de mim"" com Rossandro Klinjey",POSITIVO,OK,
UgzlFRFPIlVeGOB4WhZ4AaABAg,"Eu tô mais ou menos assim, tento lutar com esse desânimo, sou antissocial",RECUPERE O PRAZER DE VIVER: A cura para o Esgotamento Mental - ANEDONIA,TANGENCIAL,OK,
Ugw1LWx4LpLIxGzkwZx4AaABAg,Fascinante!,Leandro Karnal desafia o ChatGPT,POSITIVO,OK,
UgzhRNoiBKKh9Ifr0aZ4AaABAg,Pq não usa palavras em português?,O PERIGO REAL sobre o novo TDAH que ninguém te contou,NEGATIVO,OK,
UgwILIJkXj2LfjJ6FPR4AaABAg,"Ah, Karnal...Até você tão sábio errando feio assim na palavra desapego! Faz isso não.",Estoicismo: a Filosofia da felicidade e do desapego | Leandro Karnal,NEGATIVO,OK,
UgybmSSrmRmKV_XItS94AaABAg,"Oi jujut, saudades!",EXPRESSÃO MÁXIMA DO DESCONFORTO | PARTE 2,TANGENCIAL,OK,
UgyFWVsvt6X-Vzhoxsh4AaABAg,"por isso nao deixe a sua criança morrer, aceite quem e diga foda-se ao opiniao do outro, ser voce e libertador e querer deixar de se encaixar numa caixinha que uma sociedade escrota inventou, para que voce fosse outro rato aprisonado dentro de si, girando uma roda do capitalismo, quanto os ricos de sempre ficam mais ricos e voce s ilude que a sua felicidade estar em bem materiais.",Como a vida moderna destrói seu foco - e o que fazer | Geração TDAH,TANGENCIAL,OK,
Ugw_P1AKNeFCYEav8G94AaABAg,"O ""professor "" de Nero não foi muito eficaz no seu ensino",Estoicismo: a Filosofia da felicidade e do desapego | Leandro Karnal,NEGATIVO,NOK,"O imperador Nero não tem nada
a ver com a produção desse vídeo"
Ugy1e4ViFfkk9RYYqTR4AaABAg,Já faz um tempo que você virou saudades pra mim...vou te esperar pra sempre,GIRLS EDUCATION: ELAS QUE LUTAM,TANGENCIAL,OK,
UgxPkOxnQELTzR5541t4AaABAg,Eu preciso só cuidei e nunca fui cuidada,"1ª Live da série especial ""Quando eu cuido de mim"" com Rossandro Klinjey",TANGENCIAL,OK,
UgzjmN_T1UmSePRNQVB4AaABAg,"dava pra responder o tema em 30 segundos, ""Homossexualidade é pecado?""    ""sim""   pronto acabou",SER HOMOSSEXUAL É PECADO? | MARIA HOMEM,NEGATIVO,OK,
Ugzl00op2Kxhj6DOr5t4AaABAg,💛,Como resgataria meu amor-próprio,POSITIVO,OK,
Ugx-UU0aPmFPyf4BsEV4AaABAg,"A série mais perfeita, profunda em cada detalhes. Se deseja uma série envolvente, emocionante, reflexiva....essa é A SÉRIE 'THIS IS US'. A melhor!!! Conselho: prepare muitos lenços 😢 💟 é pura emoção!!!
Sou muito grata por essa série existir, e pelas almas inspiradoras por traz dela. É um presente Divino ❣🙏","Karnal Recomenda: ""This Is Us"" - 6ª temporada | Leandro Karnal",TANGENCIAL,OK,
UgzoSbPq5WdC8vf6H6h4AaABAg,"Torcida muito  por vc, era minha  preferida.  Eu acho que   as pessoas te confundem com a Nati,  ela que provocava o Rafinha rsrs.",BBB | Respondendo sobre a minha experiência no Big Brother Brasil,POSITIVO,OK,
Ugz_fon6Vy5PNowp7zN4AaABAg,A misoginia é uma cultura sobretudo ocidental???? Ouvi bem isso?,Feminicídio no Brasil: por que homens odeiam mulheres? | Maria Homem,NEGATIVO,OK,
UgzclL5A7MbVj7iCCYh4AaABAg,Falou tudo que acontece comigo.,"Aula 1: O Jeito Errado | TDAH, Procrastinação e Foco com Dra. Ana Beatriz Barbosa",TANGENCIAL,OK,
UgynfU50RD-mXmvZYrN4AaABAg,Tome vergonha na cara falou mal de Lula e agora está atrás desse descomprendido do Lula você não ganha nem mais pra nada,"SIMONE TEBET, MARIA HOMEM | ELEIÇÕES: RETA FINAL (LIVE)",NEGATIVO,OK,
UgxCKXcUBqXeiHySbld4AaABAg,"Cansada, arrebentada, destruida, banhada no burnout 🤣🤣 assim me defino. Se eu nao tivesse cometido loucuras financeiras eu certamente me daria um ano sabatico. Agora to nessa vibe de provar o improvavel pra manter um emprego e pagar as contas.
🫣",você não é seu desempenho.,TANGENCIAL,OK,
UgxhbNZ7CtBco16ty6l4AaABAg,🩵,5 sinais de que você é imaturo emocionalmente e não sabe,POSITIVO,OK,
UgxRl7AEuOwlmj462v94AaABAg,"Eu nunca me identifiquei com algo tão real quanto o estoicismo, acredito que todo ser humano deveria conhecer um pouco e colocar em pratica. É surreal!",Estoicismo: a Filosofia da felicidade e do desapego | Leandro Karnal,POSITIVO,OK,
UgyXiKV3XCB_2gb3q3x4AaABAg,"Conselhos preciosos , gratidão ❤",Rossandro Klinjey - Como conviver com pessoas abusivas e tóxicas,POSITIVO,OK,
UgxViVvzv6UlfTpYZHt4AaABAg,"Deixa a mulher falar, maria","SIMONE TEBET, MARIA HOMEM | ELEIÇÕES: RETA FINAL (LIVE)",NEGATIVO,OK,
UgzQYV3MB8kWu43OZSh4AaABAg,"me enganou por algum tempo, hoje não enganas mais...",Estoicismo: a Filosofia da felicidade e do desapego | Leandro Karnal,NEGATIVO,OK,
UgypG7zwK5DG1BqyWQt4AaABAg,💙,5 sinais de que você é imaturo emocionalmente e não sabe,POSITIVO,OK,
UgzPr_MKE7giwMOpfX54AaABAg,"""Tudo ai que ce ta vendo é um grande aleatorio"" KKKKKKKKKKKKKKK MUITO BOM, adoro as frases",27 lições com 27 anos,POSITIVO,OK,
UgzBtq5sMPWlraFiuk14AaABAg,Mas e quando não tem rede de proteção e está na posição excludente ?,CASAR PARA QUÊ? | MARIA HOMEM,TANGENCIAL,OK,
Ugz06i8nL5Zz4HevA_h4AaABAg,"Minha válvula de escape é a cachaça.  Vivemos em uma sociedade muito  competitiva.  Temos que ser os melhores  em tudo , conseguir  tudo , pra não sermos  vistos como fracassados.",Como superar a exaustão e ansiedade da Geração 40+ SEM Desespero,TANGENCIAL,OK,Engraçado (e relatable)
UgxBclM7-JJVS0HfAI94AaABAg,Misericórdia eu preciso urgente,"1ª Live da série especial ""Quando eu cuido de mim"" com Rossandro Klinjey",TANGENCIAL,OK,
UgzNQgZUO_BH-g143Ud4AaABAg,"Amo GOT série impecável,mas This is us é a série da vida❤️","Karnal Recomenda: ""This Is Us"" - 6ª temporada | Leandro Karnal",TANGENCIAL,OK,
Ugx0scfUvWuDN1e-6rh4AaABAg,"A SUA BOA MORAL
BOM DIÁLOGO 
BOM 
TEMPERAMENTO 

SEU ENTENDIMENTO 


NUNCA TE LEVARÁ PARA O CÉU 



O DIABO NÃO É CONTRA A BOA MORAL 

ELE É CONTRA JESUS CRISTO!

IGUAL VC!

O CÉU NÃO É PARA TDS

MUITO MENOS PARA VC

A FÉ NÃO É PARA TD A FÉ É DOM

DADO POR DEUS


NEM TD MUNDO TEM

VC NÃO TEM
NÃO QUER TER 

E NÃO TERÁ 

POIS DEUS TBM ESCOLHE OS SEUS E VC NÃO FOI ESCOLHIDO 


JESUS DISSE 


AQUELE QUE 
ME NEGAR

PUBLICAMENTE 

EU O NEGAREI DIANTE DO
PAI


E TBM ELE DISSE 

EU SOU O CAMINHO A VERDADE A VIDA 

NINGUÉM VAI
AO PAI SE NÃO POR MIM 


SE VC NEGA JESUS 

E JESUS É O CAMINHO 

OLHA VC TA 

LINDAMENTE 

CM SUA PASSAGEM 

SÓ DE IDA PARA O INFERNO 

VAI 

SEJA LIVRE 

VC É LIVRE 


AINDA BEM QUE VC É ATEU CONFESSO!


O BOM QUE 


JESUS TEM MAIS TEMPO PRA MIM


E NO CÉU SOBRA MAIS ESPAÇO ❤

BOM QUE SOBRA ❤


DEUS SÓ PRA MIM 

E PARA MEUS IRMÃOS QUE AMO
E QUE ESTARÃO LA
CMG


É SOBRE FÉ 
SOBRE 
TEMOR

SOBRE AMOR A DEUS


NÃO FANATISMO 

NÃO RELIGIOSIDADE 

NEM SOBRE

ESSE NOJO

ELOQUENTE VASTO
E MELÓDICO 

QUE SAI DESSA SUA BOCA

CHEIA DO SEU
EGO
INFLADO DE

VAZIO!



SEJA ATEU ❤

SEJA 

LEU A BÍBLIA 


MAS A BÍBLIA NÃO TE ESCOLHEU

ATEU! 


NEM DEUS ...",Por que sou ateu? Leandro Karnal reage a comentários sobre religião e ateísmo,NEGATIVO,OK,Eu odeio a humanidade
UgyKgtLbryMVV0MJl2h4AaABAg,💛,Desapego: por que soltar é tão difícil?,POSITIVO,OK,
UgyVbzjcGUzTqtsdrcV4AaABAg,💜.,Você tem tudo para estar bem... mas não está.,POSITIVO,OK,
UgzZ2-t0Hf85nO-ye-Z4AaABAg,Muito obrigado,Faça o seu teste da autoestima! Aula 01 | Oficina Autoestima Curativa,POSITIVO,OK,
UgzaGxVMVRvQh2UK7yN4AaABAg,"Quanta sabedoria e sinceridade quando fala do seu cão e gato q partiu e tia, e é desse jeito, concordo",Amor aos pets: a relação entre seres humanos e animais na História,POSITIVO,OK,
UgzlLjZ_MEzKGveb7FN4AaABAg,"Oii Eulora!!
Eu vim até aqui especialmente pra te agradecer!! 
Vc conseguiu colocar em ordem todas as palavras soltas q eu tinha na minha mente! 
40 anos de tentativas de me dizer!! 
Eu tinha um repertório imenso de palavras soltas!
Vc com seu desenvolvimento eloquente, seu estudo, seu esforço em se auto conhecer,  transformou o meu mundo! 
Vc me libertou e 
É a pessoa q mais já conseguiu me mostrar quem eu sou! 
Eu me sinto conseguindo falar através da sua voz! É uma identificação tão profunda q gerou em mim a maior expansão de consciência q  já consegui experimentar!!
N existe formas que eu possa te agradecer, q seja maior q desejar q seu poder de locução atinja o cosmos sem fim!! 
Que sua saúde seja aumentada a cada dia, pra q vc encontre energia de continuar a encontrar pessoas como eu! Q desejam aprender o que vc aprender sobre vc! 
Somos todos humanos!! Somos iguais! E suas falas são universais... e podem atravessar séculos e séculos q serão úteis!!! 
Grandes homens aprenderam a viver de forma a engrandecer a humanidade e gostavam de ensinar como vc  faz! Isso é  um ato profundo de amor pela nossa existência! 
Obrigado por estar em nosso caminho nessa trajetória incrível q é viver e pensar sobre estar vivo!",27 lições com 27 anos,POSITIVO,OK,
Ugy6dVNHXiJgt7oh0IB4AaABAg,"Brilhante! Profundidade e consistência sobre inteligência, esse tema instigante! Amei!
Obrigada!!!",O que é ser inteligente hoje? A NOVA INTELIGÊNCIA | Série Profissional do Futuro #2,POSITIVO,OK,
UgyZ31aUtNX6kh4XgqR4AaABAg,Saudades jout jout...,EXPRESSÃO MÁXIMA DO DESCONFORTO | PARTE 2,TANGENCIAL,OK,
UgyW7MpzJXkIlnXIAm54AaABAg,"A minha tontura é repentina dura segundos. Acontece quando estou tenso, stressado, ansioso, ou durmo mal. O bom que quando vamos envelhecendo é que a gente não precisa beber para ficar tonto.😂😂😂",3 Pistas para Descobrir a Causa da Sua TONTURA,TANGENCIAL,OK,Engraçado
UgxrIC26dP0fAczAOHB4AaABAg,💙,5 sinais de que você é imaturo emocionalmente e não sabe,POSITIVO,OK,
UgySy66Qfi6dS1xcVfp4AaABAg,"Predadores estão em todos os lugares, eles entram como dramaturgos, teatro para adolescentes, professores de educação física, esportes, homens da agência de modelos, fotos, as mães precisam estar atentas a esses perfis!😢😢😮😮 Um dia as crianças crescem e adolescentes, e percebem que passaram por algum tipo de abusos, tem que denunciar sempre!!!!!",Caso Epstein: Como o Sistema Falhou por 14 Anos? | ANA BEATRIZ,TANGENCIAL,OK,
Ugx2utqN1OhCZynV0Gt4AaABAg,Estou aqui desde aquela época! Torcia muito por vc ❤️,BBB | Respondendo sobre a minha experiência no Big Brother Brasil,POSITIVO,OK,
UgyTaLEstE0_kV1ZLN94AaABAg,"10:12 Você não perguntou se a arte é  política. Você afirmou. Parece que estava escrevendo no zap zap. Kk. Faltou a interrogação. (?)

Um grande deslize pra alguém que é  um escritor.",Leandro Karnal desafia o ChatGPT,NEGATIVO,OK,
Ugy8h0VWtC6J7xLrE0h4AaABAg,"""Não nascer talvez seja a maior dádiva de todas."" (Sófocles). Amo tanto meus filhos que não cheguei a tê-los.",CASAR PARA QUÊ? | MARIA HOMEM,TANGENCIAL,OK,
UgzSQsnJCne2wYgL0e14AaABAg,"Chocada! Esse vídeo é de 2023, estou em out/2025 e eu imagino que os dados estejam muito piores. Vejo muitas pessoas que se dizem profissional de RH simplesmente abraçar o Burnout como uma muleta pra não colocar em prática a saúde do coletivo; preferem ficar reclamando do que se engajar em atender aos apelos dos colegas. Além de ignorar os desabafos verbalizados, ignoram os sintomas não verbais que vejo com frequência: pés se arrastando, ombros caídos para frente, exaustão aparente e muitas olheiras! Ninguém dorme bem, a grande maioria sonha com trabalho e acorda cansado e sem paciência. Pequenos desentendimentos que poderiam ser evitados com leveza e bom humor, são ásperos e com tom de diminuição, como se o colega fosse um oponente. Estou fazendo terapia e tomando medicação, indico sempre este caminho aos meus colegas, mas me sinto impotente em ajudar a melhorar o ambiente do escritório 😢","SAÚDE MENTAL NO TRABALHO | Série ""Profissional do Futuro”",TANGENCIAL,OK,
UgyWjHIYp-EKTLiMiBp4AaABAg,"Tava ( ainda tô ) em crise de carentena, voltando a ter contato físico com as pessoas, sentindo faltas dos amigos que tive e até de pessoas q eu poderia conhecer?? Kkkkkk tbm importante dizer q as pessoas ( e eu tbm) mudaram muito nesses 2 anos, e sinto q agr tenho q conhecer meus amgs de nv, pois estive longe demais pra acompanhar as mudanças..",como fazer amigos depois do isolamento (e paranóias de ser chata),TANGENCIAL,OK,
Ugy4Zoran8qUh1okz-Z4AaABAg,"O que está  acontecendo com seus olho? Você  está  bem, doutora?",Adolescentes Violentos: Um Sinal de Alerta Urgente! | ANA BEATRIZ,NEGATIVO,NOK,Tangencial
UgyR7e6Q45TkNgM7Wr54AaABAg,"Resistência + Dor = Sofrimento, evitar os sentimentos não irá anulalos",27 lições com 27 anos,TANGENCIAL,OK,
UgyFtN2tQyw0Unw-1y14AaABAg,"eu sinto tanta tristeza, desde a infância, eu sempre pensei ,Pôr Que minha mãe não me abortou ,seria um presente pra mim , o fato de não vir a esse mundo seria maravilhoso. porquê até o momento não consigo ver graça na vida ,nem alegria . É um peso ,é uma dor ,é horrível.",Rossandro Klinjey - Como parar de sentir tristeza?,TANGENCIAL,OK,
Ugxl8n89PxCaOytBip94AaABAg,"Não há nada melhor roteirizado do que essa série. Não dá pra maratonar, cada episódio exige tempo de digestão. Brilhante!","Karnal Recomenda: ""This Is Us"" - 6ª temporada | Leandro Karnal",POSITIVO,OK,
Ugy9IBSq-NXOPZI0beN4AaABAg,"Tenho 13 anos, desde que lembro-me como gente gosto de carros ,hoje
não tenho grandes problemas atualmente, porém tbm pela minha idade, tem coisas que me abalam seriamente, e as vezes carros, jogos disso e etc, é a única cura, quando vou em eventos de carro com meu pai, eu me sinto em casa, mais do que na minha própria casa, o mais difícil é achar alguém pra falar disso (Amigo), mas estar nesses lugares, é uma sensação diferente, só quem gosta sabe, nasce junto com a pessoa, não sei explicar, sei lá, eu me sinto confortável e acolhidp, Eu só queria compartilhar este sentimento com
alguém, que sente o mesmo, e se não, eu adoraria ouvir que coisa faz te sentir desse mesmo jeito",Assista quando estiver deprimido,TANGENCIAL,OK,
UgyhcPBqCSGFVEv0lQV4AaABAg,"Perdoar é uma escolha. É fácil? Não, não é. Mas se desejamos viver mais leves, mais alegres... é o único caminho.",Quem te machucou não merece sua energia #saudemental #reflexão #mudança #autocuidado #tempodecrescer,POSITIVO,OK,Isso é tangencial?
Ugzf68fUZeMFSVsPFqJ4AaABAg,"Não caiam nessa conversa de ingerir psicotrópico inadvertidamente, devem ser usados em último caso e pelo menor período de tempo possível,  eles causam danos irreversíveis no cérebro no uso a longo termo. Hj se está medicando tristeza, sentimento inerente à vida, e os resultados disso são catastróficos.

https://youtu.be/wNJEjojH7sE?si=8z2W25WQkrAsJjQM",RECUPERE O PRAZER DE VIVER: A cura para o Esgotamento Mental - ANEDONIA,NEGATIVO,OK,
Ugy2WHKNBjYzUkmYaM94AaABAg,esse vídeo aqueceu meu coração 💛,ENCERRAMENTO MASSA,POSITIVO,OK,
UgwEiu9v68WjRmYUmet4AaABAg,Esse médico tem cara de louco,Como superar a exaustão e ansiedade da Geração 40+ SEM Desespero,NEGATIVO,OK,
UgxAEW-SWVynYvDwwpt4AaABAg,💙,5 sinais de que você é imaturo emocionalmente e não sabe,POSITIVO,OK,
UgwsYkChJeoAhLBA2kV4AaABAg,"É muita gentileza sua falar sobre isso. Ainda não tive filhos, mas adoro saber sobre esses assuntos,  para não ter medo quando for minha vez. Muito obrigada por ser essa amiga que compartilha informações.  💖",O RETORNO DA PEPEKA DEPOIS DO PARTO NORMAL VAGINAL | Juliana Goes,POSITIVO,OK,
UgxeSnz-6xA17RSu5Tt4AaABAg,"para qualquer um que entenda do assunto, é um vídeo extremamente raso. Dava pra falar tudo isso em dois minutos sem essas animações toscas",Pra você que pensa e sente demais | A filosofia da ansiedade,NEGATIVO,OK,
UgyLO7kveF7oXUv8zFJ4AaABAg,"Permanecer estudando, buscando novos conhecimentos, se adaptando a velocidade que o mundo e a vida moderna nos impõe perde sentido, sobretudo na visão de um ateu, com a concretude da morte, que, como um ladrão, pode sumir com todo capital intelectual e sabedoria adquiridos na vida num estalar de dedos. E só uma reflexão.",O que é ser inteligente hoje? A NOVA INTELIGÊNCIA | Série Profissional do Futuro #2,TANGENCIAL,OK,
UgzxV8As2zVxvv8KT054AaABAg,"A passividade de vcs usando termos em inglês é ridículo. Apropriem-se do conteúdo, assumam os significados como regional e tvz eu preste a devida atenção ao conteúdo",O PERIGO REAL sobre o novo TDAH que ninguém te contou,NEGATIVO,OK,
UgzhrtiavGEgbZADHTt4AaABAg,Eu me vi nessas 3 mulheres.,"1ª Live da série especial ""Quando eu cuido de mim"" com Rossandro Klinjey",TANGENCIAL,OK,Positivo?
Ugz1_OkwcWiy4xIGf4J4AaABAg,Saudades❤,ENCERRAMENTO MASSA,POSITIVO,OK,
Ugye8GyjREJZqz49C9J4AaABAg,"Com 15 16 tentei livros, com 17 tentei aeronáutica, com 18 tentei escultura, com 19 tentei  animação, com 20 tentei abrir um cafe, com 21 um estúdio de roteiro, e agora com 22 voltei para livros, e sim, ainda não desisti dos outros, mesmo que tentasse",Como a vida moderna destrói seu foco - e o que fazer | Geração TDAH,TANGENCIAL,OK,
UgzffRJEllyhPFJ0nCB4AaABAg,Nao consegui prestar atenção por causa da música de fundo 😔,Aula 2: O Jeito Certo de lidar com o TDAH - Dra. Ana Beatriz Barbosa,NEGATIVO,OK,
UgyUIhk5USKCf-RZ4H14AaABAg,Gratidão pelas essas histórias de vida ❤,"1ª Live da série especial ""Quando eu cuido de mim"" com Rossandro Klinjey",POSITIVO,OK,
UgwZ7UK3Impv25lf86p4AaABAg,"❤amo os animais são anjos e nosso melhores amigos.sao gratos
Gratidão 
Parabéns por essa palestra ❤️❤️🌟🙏❤️",Amor aos pets: a relação entre seres humanos e animais na História,POSITIVO,OK,
UgxL3xHPS2WKLYFvdsJ4AaABAg,Religião tbm é um ambiente horrível pra mulheres e a porcentagem delas l dentro é maior mesmo com tanta informação e conhecimento exame mental,Feminicídio no Brasil: por que homens odeiam mulheres? | Maria Homem,TANGENCIAL,OK,
UgzAMfLZ5_75GlEWFip4AaABAg,💛,Desapego: por que soltar é tão difícil?,POSITIVO,OK,
Ugxza5nnh4kdAcu7jGJ4AaABAg,"Muito complicado se dizer ateu sem fazer  muita questão de definir o verbo ""acreditar"" o substantivo ""Deus"", tarefa que por si só já é extremamente complexa e rende alguns livros. O problema dessa questão sempre termina no fato de que as pessoas tratam essas  palavras como se suas definições fossem um consenso pré estabelecido e que todo mundo implicitamente concorda com elas. Ainda falta pro Karnal uma certa base de psicologia e filosofia pra falar sobre desse assunto, coisa que só a ""História"" não é suficiente.",Por que sou ateu? Leandro Karnal reage a comentários sobre religião e ateísmo,NEGATIVO,OK,
UgwCx3jIm7bXv7ARHGd4AaABAg,"Obrigado Ludoviajante!! Depois de terminar todos os videos que deixei para assistir depois, vou continuar animado esperando o seu próximo. Percebo que tua relação com Deus é conturbada, por assim dizer. A minha também é, em partes por culpa da religião. Cristo é incrível, e o Espírito Santo vai te mostrar a hora certa de escrever, gravar, editar. Deus vai colocar outras Ivetes na tua vida, e tu vai poder estender ainda mais a tua ajuda para as pessoas",Como a vida moderna destrói seu foco - e o que fazer | Geração TDAH,POSITIVO,OK,
UgyhMYGNQAV8R3KjgV14AaABAg,"Jout, hoje lembrei de ti. Que saudade! Como te dizer o quão você ainda é necessária? Que precisamos tanto ainda de você? O quanto você faz imensa falta? Ow Jout Jout…. 💔",AGRADECIMENTOS FINAIS,POSITIVO,OK,
Ugy2G0g9qdYt44Jup5t4AaABAg,"Foi, um prazer!!! Bom dia e obrigado!!!",Estoicismo: a Filosofia da felicidade e do desapego | Leandro Karnal,POSITIVO,OK,
Ugy-YuQ4wL5JddLYwGl4AaABAg,"O brasileiro quando é bom,  é bom demais... Que maravilha escutar poder duas mulheres pensantes e almas radiantes 😀🙏🏻","SIMONE TEBET, MARIA HOMEM | ELEIÇÕES: RETA FINAL (LIVE)",POSITIVO,OK,
UgzfwnsZet7gFxrShGl4AaABAg,💛,Como resgataria meu amor-próprio,POSITIVO,OK,
Ugy0yP-tqS8XgXytY8B4AaABAg,🩵🩵🩵🩵,5 sinais de que você é imaturo emocionalmente e não sabe,POSITIVO,OK,
UgyYNIMLMyDpRSn5XDB4AaABAg,"Não existe justiça, pelo menos não a humana. Só julga o que lhe convém 🫤",Caso Epstein: Como o Sistema Falhou por 14 Anos? | ANA BEATRIZ,TANGENCIAL,OK,
UgxTx-pX-KkfX-fZa254AaABAg,"Ah, e episiotomia não é nunca recomendada pela literatura médica mais atualizada, baseada em evidências científicas ☺️",O RETORNO DA PEPEKA DEPOIS DO PARTO NORMAL VAGINAL | Juliana Goes,TANGENCIAL,OK,
UgzMR5xTOpmkvxXEGXJ4AaABAg,Que saudade 🥺,GIRLS EDUCATION: ELAS QUE LUTAM,TANGENCIAL,OK,
Ugxt57Px_gU2lhNE2F54AaABAg,"Vídeo inteiro lindo, mas esse final da Ju agradecendo ❤️❤️❤️❤️😭😭😭 Você merece demais linda, sua família é exemplo!!!!!",TOUR PELO APÊ VAZIO | Diário da Reforma por Juliana Goes,POSITIVO,OK,
Ugzpz5pPzNnHEymKGJp4AaABAg,"O meu trabalho é simplesmente maravilhoso.  Ganho pouco, mas é o suficiente pra me deixar tranquilo,  feliz, realizado.  ❤️","SAÚDE MENTAL NO TRABALHO | Série ""Profissional do Futuro”",TANGENCIAL,OK,
Ugxh9g76JEvmhqcE7kF4AaABAg,"Um cisco no olho e um tapa na cara...
Como pode ser tão lindo...
Tão perfeito","Karnal Recomenda: ""This Is Us"" - 6ª temporada | Leandro Karnal",TANGENCIAL,OK,
Ugz1JTTQJ2ZpjmVMhxN4AaABAg,"Demorei muitos anos para entender que eu levo muito a sério  compromissos, e as outras pessoas não.  Eu penei muito até aceitar que o meu nível de responsabilidade afetiva e lealdade é muito raro. Cuidei  e investi demais  e sempre, sempre me arrependi....Não  dá certo pra mim. Casar não quero mais por nada.....",CASAR PARA QUÊ? | MARIA HOMEM,TANGENCIAL,OK,
UgxbDRHGD_wYCdiwwu14AaABAg,Ruim do psiquiatra é isso vai te atolar de remédios pra vc não ser mais você e sim outra coisa que quando tira o remédio volta a ser a mesma coisa de antes ou pior.,RECUPERE O PRAZER DE VIVER: A cura para o Esgotamento Mental - ANEDONIA,TANGENCIAL,OK,
Ugw31LPdHRVpILbF56J4AaABAg,💛💛💛,Como resgataria meu amor-próprio,POSITIVO,OK,
Ugx0MqSfJM7suqTvYjN4AaABAg,💜,Você tem tudo para estar bem... mas não está.,POSITIVO,OK,
UgyfAezWWYr4q_pvUhh4AaABAg,È un jogo de poder mais podre do mundo 😢😢,Caso Epstein: Como o Sistema Falhou por 14 Anos? | ANA BEATRIZ,TANGENCIAL,OK,
Ugz65tq5Dd_Mnuhyg1x4AaABAg,Boa analogia.,Quem te machucou não merece sua energia #saudemental #reflexão #mudança #autocuidado #tempodecrescer,POSITIVO,OK,
Ugw4IUHDMP1FnWxTTbZ4AaABAg,"43 anos ... me sinto exatamente assim , os dias passas , escorrem entre meus dedos sem nem eu ao menos perceber ... muito triste... e vejo muito isso com meu amigos da minha idade neste pos pandemia onde nosso poder de compra foi aniquilado... hoje trabalho pra ter o basico do basico .... sinceramente sendo bem claro e objetivo me arrependo muito de nao ter ido embora deste pais quando tive a oportunidade.",Como superar a exaustão e ansiedade da Geração 40+ SEM Desespero,TANGENCIAL,OK,
UgxgY1KLqlqH2S05BIN4AaABAg,muito bom o vídeo,"SAÚDE MENTAL NO TRABALHO | Série ""Profissional do Futuro”",POSITIVO,OK,
Ugwrir5s3IBJX6IczHl4AaABAg,"""Eu ando descalça e desarmada e descobri que sou muito corajosa ""👏👏👏👏👏",GIRLS EDUCATION: ELAS QUE LUTAM,POSITIVO,OK,
UgxeJLWHTN6wA0p_fjd4AaABAg,3:08 Eu moro em Salvador e é rir pra não chorar kkkkkkkk😅,Pra você que pensa e sente demais | A filosofia da ansiedade,TANGENCIAL,OK,
UgzeAHbYuNRwNl1H_V54AaABAg,"Dói… dói muito, mas passa",Desapego: por que soltar é tão difícil?,TANGENCIAL,OK,
UgyvyU_NWw7fyLT1c0N4AaABAg,"Igualmente ao Samuel Klein, dono das Casas Bahia.",O Caso Epstein: Quando o Poder Compra a Justiça | ANA BEATRIZ,TANGENCIAL,OK,MUITO engraçado
UgxYWk0X-uLufSfdXJh4AaABAg,"Convivo com pessoas que sugam minhas forças, é difícil, nos adoecem ☹️",Rossandro Klinjey - Como conviver com pessoas abusivas e tóxicas,TANGENCIAL,OK,
UgwFIgHUFzVnf7NQzAJ4AaABAg,Tanto tempo e vc ainda não voltou... e eu estou aqui ainda ESPERANDO! até já revi os meus vídeos favoritos.... já deu o tempo já,GIRLS EDUCATION: ELAS QUE LUTAM,TANGENCIAL,OK,
UgwvFPyTY6L00MrtrLV4AaABAg,"Nossa jout jout,quanta saudade,🥺
Vc me fez tanta falta nesse 2020 sabe?
Purperio, perdi o emprego e minha mãe foi morar no céu ☹️
Menina por favor volta🥺",EXPRESSÃO MÁXIMA DO DESCONFORTO | PARTE 2,TANGENCIAL,OK,
UgwWjRZ0W3aI1lHKNU14AaABAg,💜,Você tem tudo para estar bem... mas não está.,POSITIVO,OK,
UgyRIN5MQe4eDK1goFZ4AaABAg,Chata,Feminicídio no Brasil: por que homens odeiam mulheres? | Maria Homem,NEGATIVO,OK,Eu odeio a humanidade
Ugw4jR2ngXr7YmVXWt14AaABAg,"Ótimo vídeo Ju! Na próxima, lê as perguntas que recebeu? Gosto de ouvir seus vídeos enquanto faço outras coisas. Beijosss <3",BBB | Respondendo sobre a minha experiência no Big Brother Brasil,POSITIVO,OK,
Ugw3fzGCoeMZUuPet1h4AaABAg,"Acho muito importante essa recente possibilidade da gente se perguntar o que deseja, sentir o nosso próprio desejo. Isso, principalmente pra nós mulheres, e no meu caso ainda tem o recorte de ser uma mulher preta, nunca foi levado em consideração. Então sinto que quando decidimos por estar sozinhas em busca dessa resposta sobre o nosso desejo, ainda existe uma cobrança muito pesada e uma acusação de sermos egoístas, irresponsáveis e duvidosas. Pela primeira vez na minha vida, sozinha, me sinto com as rédeas da minha própria vida nas mãos. Tem conflito? Tem! Mas me sinto alinhada com meu desejo.",CASAR PARA QUÊ? | MARIA HOMEM,TANGENCIAL,OK,
UgzVQDvUdTmjxHLF0CV4AaABAg,❤️,você não é seu desempenho.,POSITIVO,OK,
UgxslhOpQkPsihlFRVF4AaABAg,"Mais uma invenção para incapacitar pessoas da geração perdida, que é tudo o que querem ouvir, e para vender remédios. Jovens adultos entupidos de medicações, muletas imaginárias, para os dissabores da vida! Triste medicina praticada nestes dias!",O PERIGO REAL sobre o novo TDAH que ninguém te contou,NEGATIVO,OK,
UgwDt4YcaMhCf1aPV6B4AaABAg,Fingir demência para ter paz interior.🕊️,Continue fingindo que nada mudou  #saudemental #reflexão #mudança #autocuidado #tempodecrescer,TANGENCIAL,OK,
UgyN44WNGh1pzaffK1N4AaABAg,"Gosto muito e respeito o Professor Karnal. Seu viés político é contrário ao meu e tudo bem! Porém, ver a sua satisfação em frisar que Espinosa faria a vacina, dá um certo mal estar. Fica evidente a alfinetada no governo anterior. Achei desnecessário.
José Rodrigues falou muitas outras coisas que contradizem o atual método de ""controle"" que vivemos hoje no Brasil por conta do atual governo, mas isso, o professor procurou não trazer em destaque.
Excelente conteúdo, apenas o final que desequilibrou um pouco.","Espinosa, o principal filósofo português? | Leandro Karnal e José Rodrigues dos Santos",NEGATIVO,OK,"Esse é difícil de categorizar, pode ser interessante!"
UgxfIjPNtGPnLNh47HV4AaABAg,Senti um ranço ai,Leandro Karnal desafia o ChatGPT,NEGATIVO,OK,
Ugye_yI-akfglg4xpDJ4AaABAg,"Minha bebê também não dorme bem, tem 9 meses, nunca dormiu 5 horas seguidas. Hoje acorda de hora em hora, fiz consultoria do sono, mas aqui não resolveu nada. Essa noite perdeu o sono e foram 4 horas acordada da meia noite as 4 da manhã na luta, além do despertar ainda lido com a perda de sono que normalmente acontece. Mas não é fácil, um dia de cada vez e esperar que essa fase passe, só com muita fé pra vencer.",MEU FILHO NÃO DORME | SONO DO BEBÊ por Juliana Goes,TANGENCIAL,OK,
UgybO4EDYW3QlvY0snJ4AaABAg,"""A empresa tem que ter um propósito"", Elas tem Leandro, ganhar dinheiro, tudo mais é mentira e conversinha, conto de fadas, papai noel. Esse Burnout é o reflexo do nosso sistema de produção. Dar volta no problema é só o que é esse vídeo, conto da carochinha, papo torto.","SAÚDE MENTAL NO TRABALHO | Série ""Profissional do Futuro”",NEGATIVO,OK,
Ugzh1_neDTlvAHPCIAV4AaABAg,"Meu Deus, vc descreveu em tudo a pessoa que eu convivo a 15 anos.",O que fazer quando o narcisista convive com você? #98,TANGENCIAL,OK,
UgyZ4vub0zYsnduLO594AaABAg,"Ca estou eu, já é novembro de 2021 , eu sinto muita falta dos seus vídeos, da sua forma de me despertar pra vários assuntos, você é luz Ju, vc faz falta .",GIRLS EDUCATION: ELAS QUE LUTAM,POSITIVO,OK,"Ou tangencial? Os rótulos parecem meio
arbitrários nesse tipo de comentário"
UgztsF8_XjJGEjjLJzh4AaABAg,"Juuuuuu!!!! Por favor, por favorzinho, conte mais sobre o período em que você começou a patinar! Acho a patinação artística a coisa mais linda. \o/",BBB | Respondendo sobre a minha experiência no Big Brother Brasil,POSITIVO,OK,"Ou tangencial? Os rótulos parecem meio
arbitrários nesse tipo de comentário"
Ugw8M2hVTeFzgqGxeEx4AaABAg,"""NOVO TDAH"" hahahahaha vcs inventam cada coisa",O PERIGO REAL sobre o novo TDAH que ninguém te contou,NEGATIVO,OK,
UgxyoDj9273KONzN11J4AaABAg,"A otoesclerose alem da perda auditiva, pode ter sintomas de perda de equilibrio, ouvido cheio e zumbido?",3 Pistas para Descobrir a Causa da Sua TONTURA,TANGENCIAL,OK,
UgzhdA4sJpRzkUpdO1x4AaABAg,"Curioso como esse suposto pecado da homossexualidade sempre pesa muito mais do que qualquer um que todos nós cometemos todos os dias, na visão desses religiosos fundamentalistas.",SER HOMOSSEXUAL É PECADO? | MARIA HOMEM,TANGENCIAL,OK,
UgzjxNnlJdq4mWEOFm54AaABAg,Caramba que vídeo que coisa linda. Amei 😍,GIRLS EDUCATION: ELAS QUE LUTAM,POSITIVO,OK,
UgyaA6zvhq4F-lxVzYJ4AaABAg,"O vídeo chegou aqui há poucas horas e já tem uma tuia de homens que não entenderam nada do que ela falou, simplesmente se sentiram ofendidos, e já partiram para os ataques, tudo apenas para provar os pontos que ela apontou na sua fala. 

Melhorem! Isso não foi um ataque pessoal nem foi uma crucificação do masculino. É um resumo de uma análise séria e com fundamentos sobre o tema. Coisa de quem se dedica a algo há anos. 

Se discorda, conteste o discurso com argumentos à altura, não com ataques pessoais ou a mulheres. Ao fazerem isso, como já fizeram alguns, estão simplesmente provando e reforçando o que ela corretamente argumenta. 

E antes que me ataquem de maneira igual, achando que sou mulher: sou homem. Filho, neto, bisneto e pai de mulheres.",Feminicídio no Brasil: por que homens odeiam mulheres? | Maria Homem,POSITIVO,OK,
UgxxrjHOKv9QOFkIHoN4AaABAg,Minha série preferida.,"Karnal Recomenda: ""This Is Us"" - 6ª temporada | Leandro Karnal",POSITIVO,OK,
UgzgsO44Sh71mcaFzth4AaABAg,"Apenas “foi suficiente"" 💛",Desapego: por que soltar é tão difícil?,POSITIVO,OK,
Ugx8YAqzsBzolj-1HKB4AaABAg,💙,5 sinais de que você é imaturo emocionalmente e não sabe,POSITIVO,OK,
UgzuS72aD4w-zZigHR94AaABAg,esse vídeo deveria ter mais de 6 horas,GIRLS EDUCATION: ELAS QUE LUTAM,POSITIVO,OK,
Ugz12s6QykzVT7VjWtp4AaABAg,💜,Você tem tudo para estar bem... mas não está.,POSITIVO,OK,
UgyLxY9X9YaVRAdQYAp4AaABAg,Meu Deus mulherrrrr vc volta no insta e ñ posta nada aqui?!? Amanhã tenho terapia e quero contar para minha terapeuta uma notícia boa e sua volta seria a única coisa boa q eu teria para contar. Beijão pra vc e sua família que deve ser “supimpa” (vocabulário entregando a idade q tenho kkkkk).,AGRADECIMENTOS FINAIS,TANGENCIAL,OK,Talvez seja positivo