videoId,title,description,channelId,channelTitle,publishedAt,viewCount,likeCount,commentCount
n_ghvI_Bw5k,"Espinosa, o principal filósofo português? | Leandro Karnal e José Rodrigues dos Santos","Leandro Karnal entrevista o jornalista português José Rodrigues dos Santos, autor do livro ""O segredo de Espinosa"" 

Quem foi o filósofo Baruch Espinosa? Nascido nos Países Baixos, de origem judaica portuguesa, foi fundamental para o entendimento que temos hoje do mundo.  Ele desafiou as crenças e dogmas religiosos da época e influenciou diversos campos do conhecimento

Conheça o autor: 
Jornalista da RTP (Portugal) e doutor em Ciências da Comunicação, José Rodrigues dos Santos trabalhou na Rádio Macau e na BBC e foi colaborador permanente da CNN. Autor de 24 romances. Vencedor do Prêmio Bertrand de Ficção, Prêmio do Clube Literário do Porto, o Prêmio do Portal da Literatura e o Prix Littéraire de la Lusophonie. ""O segredo de Espinosa"" é o seu vigésimo-quarto romance. 

#espinosa #filosofia #judaismo #portugal #holanda #deus #metafísica #ética #política",UC4O2eKb8vI4VlMeNp90asfg,"Prazer, Karnal - Canal Oficial de Leandro Karnal",2024-06-20T23:00:32Z,195656,10950,440
OONpZy0sTqo,Leandro Karnal desafia o ChatGPT,"Como o ChatGPT responde às mesmas perguntas feitas para Gilberto Gil, Vik Muniz e Scarlett Marton?

Neste vídeo, o professor Leandro Karnal lançou algumas provocações à Gen AI (inteligência artificial generativa). São perguntas que fez ao entrevistar esses grandes pensadores contemporâneos. Quem responde melhor?

Karnal analisa o conteúdo entregue pelas tecnologias revolucionárias e discute o impacto delas na construção do conhecimento. Devemos ter medo da evolução tecnológica? Ela vai acabar com o pensamento e a produção de conteúdo humanos? Ela vai substituir os professores? Ela vai nos deixar mais limitados em termos de raciocínio e literacia?

A ideia é justamente oposta. Na contramão do que pregam neoludistas, Leandro Karnal nos convida a pensar como a tecnologia - por ora, um tanto assustadora - pode contribuir para direcionar a Humanidade a ampliar a inteligência e a capacidade criativa.

O que você pensa sobre o assunto? Comente!",UC4O2eKb8vI4VlMeNp90asfg,"Prazer, Karnal - Canal Oficial de Leandro Karnal",2023-03-09T23:30:03Z,1140887,71152,2687
2g1_FIGjuvc,"SAÚDE MENTAL NO TRABALHO | Série ""Profissional do Futuro”","A saúde mental no ambiente de trabalho já estava na pauta antes da pandemia. Agora ganha mais corpo, afinal, as demandas se tornaram mais urgentes e as soluções precisam ser mais efetivas.

O tema virou critério ESG e premissa para o engajamento dos funcionários. Fica cada vez mais evidente no mundo corporativo que a saúde mental das equipes impacta diretamente no resultado dos negócios.

O desafio é uma dor global e nos atinge também em termos econômicos. O Fórum Econômico Mundial projeta que, em 2030, os gastos com as questões da mente chegarão a custar US$ 6 trilhões para a economia.

Mas como as empresas e lideranças conseguem ter sucesso nas iniciativas relacionadas ao bem-estar dos colaboradores? A teleterapia, por exemplo, está entre os principais benefícios que as organizações passaram a oferecer. E pesquisas mostram que ela já ocupa um lugar tão atraente para os funcionários quanto outros benefícios, como vale-educação, descontos em passagens aéreas ou atividades de lazer.

Você trocaria uma viagem para o nordeste brasileiro por sessões de terapia? Muitos profissionais, sim.
E a sua empresa, está pronta para atender da melhor forma a essa reconfiguração de necessidades?

No 3o. episódio da nova série Profissional do Futuro, o professor Leandro Karnal convide você a refletir como está a saúde mental na sua rotina de trabalho.

ACOMPANHE OS PRÓXIMOS CAPÍTULOS DA SÉRIE: TODA QUINTA-FEIRA AQUI NO CANAL @PrazerKarnal 

----------------
Vídeos relacionados:
▪️Liderança de sucesso | Série ""Profissional do Futuro"" Episódio 1: https://www.youtube.com/watch?v=kokSk...
▪️A NOVA INTELIGÊNCIA: O que é ser inteligente hoje?: https://www.youtube.com/watch?v=YZGMPe3mH40
----------------
Não esqueça de deixar seu like!

Já se inscreveu no canal? É só clicar aqui: https://www.youtube.com/prazerkarnal

Para receber conteúdos exclusivos do professor Leandro Karnal direto no seu e-mail, cadastre-se na nossa newsletter: https://bit.ly/3OGa25S",UC4O2eKb8vI4VlMeNp90asfg,"Prazer, Karnal - Canal Oficial de Leandro Karnal",2023-01-26T23:30:00Z,404210,26099,402
YZGMPe3mH40,O que é ser inteligente hoje? A NOVA INTELIGÊNCIA | Série Profissional do Futuro #2,"Segundo capítulo da série ""Profissional do Futuro"".

Você se considera inteligente? O que qualifica alguém como inteligente? Raciocínio rápido? Capacidade de memorização? Uma pessoa sem essas habilidades, mas que faz um drible como ninguém ou que cozinha de forma exemplar, é menos inteligente?

Neste segundo vídeo, o professor Leandro Karnal traz contextos e conceitos para repensarmos a inteligência. Um novo mundo exige novas competências dos profissionais. E trabalhar com a diversidade de inteligências, além de ser inclusivo, é promissor, no sentido de valorizar e desenvolver o melhor de cada perfil de colaborador.

O teste de QI virou um hieróglifo para os dias atuais e futuros.

O futuro exige novos cérebros. Mas isso não quer dizer ""mais inteligentes”. Na verdade, a proposta é voltarmo-nos para dentro de nós, entendermos as nossas capacidades humanas intrínsecas, nos apropriamos delas e, assim, aprimorá-las. A partir disso, conseguimos, inclusive, criar novos mundos & novas tecnologias, mais inclusivas ao mesmo tempo em que desenvolvidas, mais acessíveis ao mesmo tempo em que intangíveis.

Learnability, learning agility, inteligências múltiplas, e neuroplasticidade são alguns dos conceitos que nos ajudam a quebrar paradigmas. E nos prepararmos para o futuro.

ACOMPANHE OS PRÓXIMOS CAPÍTULOS DA SÉRIE: TODA QUINTA-FEIRA AQUI NO CANAL @PrazerKarnal 

----------------
Vídeos relacionados:
▪️Liderança de sucesso | Série ""Profissional do Futuro"" Episódio 1: https://www.youtube.com/watch?v=kokSkCIOZAY
▪️Como mudar hábitos e deixar de adiar obrigações?: https://www.youtube.com/watch?v=UZKNw...
▪️Como manter o foco e atingir seus objetivos?: https://www.youtube.com/watch?v=dzRjO...
----------------
Não esqueça de deixar seu like!

Já se inscreveu no canal? É só clicar aqui: https://www.youtube.com/prazerkarnal

Para receber conteúdos exclusivos do professor Leandro Karnal direto no seu e-mail, cadastre-se na nossa newsletter: https://bit.ly/3OGa25S",UC4O2eKb8vI4VlMeNp90asfg,"Prazer, Karnal - Canal Oficial de Leandro Karnal",2023-01-19T23:30:08Z,379306,28011,622
YKm-kfs01sE,Feminicídio no Brasil: por que homens odeiam mulheres? | Maria Homem,"De onde vem o ódio que homens sentem pelas mulheres? Maria Homem fala sobre a história da misoginia, a base da cultura ocidental que destrói mulheres ao longo dos últimos 2000 anos. 

Misoginia, masculinidade, feminismo são temas debatidos em dois livros que Maria Homem escreveu com Contardo Calligaris:

📚Coisa de Menina? Uma conversa sobre gênero, sexualidade, maternidade e feminismo
 - https://a.co/d/6RaUcDp

📘 Coisa de Menino? Uma conversa sobre masculinidade, sexualidade, misoginia e paternidade - https://a.co/d/gvIwRXe

____________________________________
🧠 CURSO com início imediato
BIPOLARIDADE - Neste curso, Maria Homem propõe uma travessia pelos territórios da bipolaridade — entre o excesso e o vazio, a aceleração e o silêncio.
https://tr.ee/yt_bipolaridade

🗣 DIAGNÓSTICO EM PSICANÁLISE 
O que é importante na hora de fazer um diagnóstico em psicanálise? Um curso objetivo e acessível para mostrar o que é essencial na teoria, na prática e na intervenção multidisciplinar. Aprimore suas habilidades de diagnóstico e interpretação de casos clínicos.
CURSO com início imediato: https://tr.ee/yt_diagnostico

____________________________________
#MariaHomem
https://mariahomem.com
https://instagram.com/maria.homem
https://www.tiktok.com/@maria.homem_

____________________________________
Music from #Uppbeat
https://uppbeat.io/t/yeti-music/prisms
License code: 7RMXWFJX7OONL75J",UCeT74ntD25ACU_fVfUWZzsg,Maria Homem,2025-12-12T22:32:21Z,18136,2246,463
Cz6_PhDEqIo,CASAR PARA QUÊ? | MARIA HOMEM,"O casamento é considerado um paradigma arraigado em nossas mentes. Nos dias de hoje, muitas pessoas questionam sobre sua relevância, uma reflexão que talvez ecoe ao longo de séculos passados. Então, por que casar afinal?

As contribuições de Freud para a compreensão dos conflitos entre pulsões de autoconservação e sexuais são notáveis. O que esses impulsos revelam sobre nossas escolhas e dúvidas? 

Neste vídeo, debatemos sobre as interseções entre pulsões e casamento, investigando o que a psicanálise pode nos ensinar sobre o tema.
____________________________________
#MariaHomem
https://mariahomem.com
https://instagram.com/maria.homem
https://facebook.com/mlhomem
https://twitter.com/mariahomem

Livro: 'Lupa da alma - Quarentena Revelação' 
(Todavia, 2020)
Físico: https://amzn.to/2K9iq2h
Kindle: https://amzn.to/3pqyU69",UCeT74ntD25ACU_fVfUWZzsg,Maria Homem,2024-04-01T15:00:15Z,159537,12427,946
z-x033i2XB8,SER HOMOSSEXUAL É PECADO? | MARIA HOMEM,"Precisamos de um Papa –um deus, um pai, uma figura de autoridade – ou que algo seja ou não pecado? No video de hoje: ser homossexual é pecado?
____________________________________
#MariaHomem
https://mariahomem.com
https://instagram.com/maria.homem
https://facebook.com/mlhomem
https://twitter.com/mariahomem

Novo livro 'Lupa da alma - Quarentena Revelação' 
(Todavia, 2020)
Físico: https://amzn.to/2K9iq2h
Kindle: https://amzn.to/3pqyU69",UCeT74ntD25ACU_fVfUWZzsg,Maria Homem,2023-02-03T16:52:29Z,42146,4412,406
hLI8izWvZT8,"SIMONE TEBET, MARIA HOMEM | ELEIÇÕES: RETA FINAL (LIVE)","____________________________________
#MariaHomem
https://mariahomem.com
https://instagram.com/maria.homem
https://facebook.com/mlhomem
https://twitter.com/mariahomem

Novo livro 'Lupa da alma - Quarentena Revelação' 
(Todavia, 2020)
Físico: https://amzn.to/2K9iq2h
Kindle: https://amzn.to/3pqyU69",UCeT74ntD25ACU_fVfUWZzsg,Maria Homem,2022-10-27T14:07:13Z,54685,5032,500
uh9vL1ZrjbY,RECUPERE O PRAZER DE VIVER: A cura para o Esgotamento Mental - ANEDONIA,"Você sente que a vida perdeu a cor e nada te dá prazer? Cuidado: essa sensação de vazio pode não ser apenas tristeza, mas um sinal grave de Esgotamento Mental ou Anedonia.

Neste vídeo, a Dra Maria Fernanda explica a neurociência por trás da falta de prazer e como diferenciar o cansaço comum de um quadro de Esgotamento Mental profundo. Se você sente apatia, desânimo constante e um vazio existencial, seu cérebro pode estar pedindo socorro.

A Anedonia é a incapacidade de sentir prazer em atividades que antes você amava. Ela é um dos principais sintomas de depressão e Esgotamento Mental, causada muitas vezes pela baixa de dopamina no cérebro. Entender esse mecanismo é o primeiro passo para recuperar o ânimo e voltar a ver graça na vida.

👇 O que você vai aprender nesta aula sobre Esgotamento Mental e Anedonia:

00:00 - Por que nada me dá prazer? (Sinais de alerta)
02:15 - O que é Anedonia e como ela afeta o cérebro.
04:30 - A diferença entre tristeza passageira e Esgotamento Mental.
06:45 - O papel da dopamina na sua falta de ânimo.
08:20 - Como tratar a Anedonia e vencer o vazio.
10:00 - Dicas práticas para sair do Esgotamento Mental.

Não ignore os sinais do seu corpo. Se a falta de prazer persiste, busque ajuda. Assista ao vídeo até o final para entender como sair desse ciclo de apatia e recuperar sua saúde mental.

🔔 Gostou do vídeo? Inscreva-se no canal Neurologia e Psiquiatria TV para mais conteúdos sobre saúde mental, psiquiatria e como combater o Esgotamento Mental.

________________________

Outros vídeos para aprender mais 🧠

▶ Melhor maneira de curar a depressão: Psiquiatra revela tudo
https://youtu.be/z29T8-_biew

▶ Depressão pode causar DOR? Entenda os sintomas físicos da depressão
https://youtu.be/FfokiOQk_N8

▶ DEPRESSÃO sem remédios! Conheça a estimulação magnética transcraniana!
https://youtu.be/wmgfJwGVwL0

________________________

Nos acompanhe nas redes sociais 📲

◼ Instagram
https://www.instagram.com/doutortontura/
◼ Facebook
https://www.facebook.com/neurologia.psiquiatria/
◼ Site
https://neurologiaepsiquiatria.com.br/

________________________

Sobre nós 👇

Olá! Boas-vindas ao canal Neurologia e Psiquiatria. Aqui explicamos de forma simples e clara curiosidades, doenças e tratamentos do universo da mente humana, com os profissionais Dr. Saulo Nardy Nader, Neurologista (CRM 146114) e a Dra Maria Fernanda Caliani, Psiquiatra (CRM 140770).

Nossos vídeos possuem intuito educativo, seguem a ética médica proposta pelo Conselho Federal de Medicina e não expressam a opinião pessoal do Dr. Saulo Nardy Nader ou da Dra. Maria Fernanda Caliani. Todo conteúdo divulga informação médica baseada em evidência científica.

*O conteúdo do canal não substitui a consulta médica presencial.
*Busque ajuda médica em caso de necessidade.
*Não se automedique! Isso é prejudicial à sua saúde.
*Declaramos que não possuímos vínculo com nenhuma indústria farmacêutica.
*Respeitamos e seguimos as normativas e conduta ética proposta pelo CFM, pela Academia Brasileira de Neurologia (ABN) e pela Associação Brasileira de Psiquiatria (ABP).

RECUPERE O PRAZER DE VIVER: A cura para o Esgotamento Mental - ANEDONIA",UCPSF_i4TthY5-7XMnLjh2jQ,Neurologia e Psiquiatria,2026-01-01T22:00:53Z,71630,6203,405
QhJDMdp2lv8,3 Pistas para Descobrir a Causa da Sua TONTURA,"Saiba agora  as 3 Pistas para Descobrir a Causa da Sua TONTURA, mesmo que ninguem ainda tenha encontrado.

O mundo gira ao virar na cama? Sente que vai desmaiar ao levantar? Vive com uma sensação de flutuação constante? 

A tontura é um sintoma desesperador e confuso, muitas vezes rotulado genericamente como ""labirintite"". 

Mas a verdade é que existem muitas causas diferentes.

Neste vídeo completo, o médico neurologista Dr. Saulo Nader (CRM-SP 135.987 / RQE 38.313) vai transformar você no maior detetive da sua própria tontura. 

Aprenda as 3 Pistas de Ouro (Duração, Gatilho e Audição) para identificar os sinais do seu corpo e ajudar seu médico a chegar no diagnóstico correto e mais rápido.

🕵️‍♂️ NESTE VÍDEO VOCÊ VAI DESCOBRIR:

▪️ As 3 perguntas-chave que todo médico faz para diagnosticar a tontura.

▪️ As características dos 5 ""suspeitos"" mais comuns: VPPB (Cristais Soltos), Doença de Menière, Neurite Vestibular, Enxaqueca Vestibular e TPPP.

▪️ Como diferenciar uma crise de tontura de um AVC.

▪️ Quais exames realmente confirmam cada diagnóstico.

________________________

Outros vídeos para aprender mais 🧠

▶ O QUE FAZER quando a TONTURA não passa? Neurologista explica causas, sintomas e diagnóstico
https://youtu.be/uBuVx6bi_q0

▶ 4 Passos para CURAR a TONTURA
https://youtu.be/eYiqIxE4UU8

▶ PARE de SOFRER com TONTURA - Neurologista Explica
https://youtu.be/zHKHsWfaDME
________________________

Nos acompanhe nas redes sociais 📲

◼ Instagram
https://www.instagram.com/doutortontura/
◼ Facebook
https://www.facebook.com/neurologia.psiquiatria/
◼ Site
https://neurologiaepsiquiatria.com.br/

________________________

Sobre nós 👇

Olá! Boas-vindas ao canal Neurologia e Psiquiatria. Aqui explicamos de forma simples e clara curiosidades, doenças e tratamentos do universo da mente humana, com os profissionais Dr. Saulo Nardy Nader, Neurologista (CRM 146114) e a Dra Maria Fernanda Caliani, Psiquiatra (CRM 140770).

Nossos vídeos possuem intuito educativo, seguem a ética médica proposta pelo Conselho Federal de Medicina e não expressam a opinião pessoal do Dr. Saulo Nardy Nader ou da Dra. Maria Fernanda Caliani. Todo conteúdo divulga informação médica baseada em evidência científica.

*O conteúdo do canal não substitui a consulta médica presencial.
*Busque ajuda médica em caso de necessidade.
*Não se automedique! Isso é prejudicial à sua saúde.
*Declaramos que não possuímos vínculo com nenhuma indústria farmacêutica.
*Respeitamos e seguimos as normativas e conduta ética proposta pelo CFM, pela Academia Brasileira de Neurologia (ABN) e pela Associação Brasileira de Psiquiatria (ABP).

3 Pistas para Descobrir a CAUSA da sua TONTURA",UCPSF_i4TthY5-7XMnLjh2jQ,Neurologia e Psiquiatria,2025-10-30T22:00:27Z,206068,7895,457
xwplMOiSX7Y,Como superar a exaustão e ansiedade da Geração 40+ SEM Desespero,"A geração 40+ está vivendo um colapso silencioso. Cansou de fingir que por fora, parece que tudo está sob controle — carreira, filhos, estabilidade. Mas por dentro… há exaustão, ansiedade e uma sensação de vazio que ninguém quer admitir.

Este vídeo é um alerta e um espelho: estamos assistindo a uma geração inteira se esgotar emocionalmente em nome da performance.
E o preço disso é a própria vida.

👉 Neste vídeo você vai entender:

Por que tantas pessoas acima dos 40 estão adoecendo emocionalmente.

Como o modelo de “sucesso” criado nas últimas décadas está destruindo nossa saúde mental.

E o que ainda dá tempo de mudar — antes que seja tarde demais.

🎧 Assista até o fim.
Talvez essa conversa te ajude a respirar de novo.

💬 Comenta: Você sente que está adoecendo por dentro, mesmo quando parece estar tudo bem?________________________

Outros vídeos para aprender mais 🧠

▶ Qual o nível da sua ANSIEDADE? Psiquiatra te ensina como resolver a ANSIEDADE
https://youtu.be/tasVONbx_BU

▶ Melhor maneira de curar a depressão: Psiquiatra revela tudo
https://youtu.be/z29T8-_biew

▶ Síndrome de Burnout: Psiquiatra explica o esgotamento no trabalho
https://youtu.be/RD6sK2_nIVI

________________________

Nos acompanhe nas redes sociais 📲

◼ Instagram
https://www.instagram.com/doutortontura/
◼ Facebook
https://www.facebook.com/neurologia.psiquiatria/
◼ Site
https://neurologiaepsiquiatria.com.br/

________________________

Sobre nós 👇

Olá! Boas-vindas ao canal Neurologia e Psiquiatria. Aqui explicamos de forma simples e clara curiosidades, doenças e tratamentos do universo da mente humana, com os profissionais Dr. Saulo Nardy Nader, Neurologista (CRM 146114) e a Dra Maria Fernanda Caliani, Psiquiatra (CRM 140770).

Nossos vídeos possuem intuito educativo, seguem a ética médica proposta pelo Conselho Federal de Medicina e não expressam a opinião pessoal do Dr. Saulo Nardy Nader ou da Dra. Maria Fernanda Caliani. Todo conteúdo divulga informação médica baseada em evidência científica.

*O conteúdo do canal não substitui a consulta médica presencial.
*Busque ajuda médica em caso de necessidade.
*Não se automedique! Isso é prejudicial à sua saúde.
*Declaramos que não possuímos vínculo com nenhuma indústria farmacêutica.
*Respeitamos e seguimos as normativas e conduta ética proposta pelo CFM, pela Academia Brasileira de Neurologia (ABN) e pela Associação Brasileira de Psiquiatria (ABP).

Como superar a exaustão e ansiedade da Geração 40+ SEM Desespero",UCPSF_i4TthY5-7XMnLjh2jQ,Neurologia e Psiquiatria,2025-10-16T21:01:08Z,180779,12996,996
qej97mTfZBM,O PERIGO REAL sobre o novo TDAH que ninguém te contou,"Conheça o novo TDHA! Descubra como o uso excessivo de telas e o consumo de conteúdo de baixo valor podem estar criando um ""TDAH Digital"", bagunçando as redes neurais do seu cérebro e destruindo sua capacidade de foco e concentração.

Nesse vídeo, mergulhamos fundo no conceito de ""Brain Rot"" (Apodrecimento Cerebral), a palavra do ano segundo o dicionário Oxford. 

Será que a sua dificuldade de se concentrar, a procrastinação e a névoa mental constante não são um transtorno, mas sim um cérebro sobrecarregado implorando por um descanso?

Vamos explorar a ciência por trás da Rede de Modo Padrão (Default Mode Network) e como o scroll infinito no TikTok e Instagram está impedindo seu cérebro de se regenerar. O mais importante: vou te mostrar passos práticos e cientificamente comprovados para reverter esse quadro, recuperar seu foco e resgatar sua saúde mental.

Este vídeo pode ser a resposta que você estava procurando. Assista até o final e descubra como retomar o controle da sua mente.

Neste vídeo você vai ver:

- O que é Brain Rot (Apodrecimento Cerebral)?
- Os 3 comportamentos que estão destruindo seu cérebro
- A ligação chocante entre Brain Rot e TDAH
- A ciência da Rede de Modo Padrão (DMN)
- As consequências clínicas do ""TDAH Digital""
- Como reverter o Brain Rot e recuperar seu foco

Gostou do conteúdo? Se inscreva no canal e ative as notificações para não perder nada!

________________________

Outros vídeos para aprender mais 🧠

▶ O que é Apodrecimento Cerebral? Saiba tudo sobre o Brain Rot causado pelas Redes Sociais
https://youtu.be/jTLK4y5EQEU

▶ Vício em Redes Sociais: Saiba como Elas TRANSFORMAM Seu Cérebro
https://www.youtube.com/watch?v=FuknEirYxxs

▶  ATENÇÃO! Perigo do uso das REDES SOCIAIS para crianças e adolescentes
https://www.youtube.com/watch?v=ZCoanrXrGgc

________________________

Nos acompanhe nas redes sociais 📲

◼ Instagram
https://www.instagram.com/doutortontura/
◼ Facebook
https://www.facebook.com/neurologia.psiquiatria/
◼ Site
https://neurologiaepsiquiatria.com.br/

________________________

Sobre nós 👇

Olá! Boas-vindas ao canal Neurologia e Psiquiatria. Aqui explicamos de forma simples e clara curiosidades, doenças e tratamentos do universo da mente humana, com os profissionais Dr. Saulo Nardy Nader, Neurologista (CRM 146114) e a Dra Maria Fernanda Caliani, Psiquiatra (CRM 140770).

Nossos vídeos possuem intuito educativo, seguem a ética médica proposta pelo Conselho Federal de Medicina e não expressam a opinião pessoal do Dr. Saulo Nardy Nader ou da Dra. Maria Fernanda Caliani. Todo conteúdo divulga informação médica baseada em evidência científica.

*O conteúdo do canal não substitui a consulta médica presencial.
*Busque ajuda médica em caso de necessidade.
*Não se automedique! Isso é prejudicial à sua saúde.
*Declaramos que não possuímos vínculo com nenhuma indústria farmacêutica.
*Respeitamos e seguimos as normativas e conduta ética proposta pelo CFM, pela Academia Brasileira de Neurologia (ABN) e pela Associação Brasileira de Psiquiatria (ABP).

O PERIGO REAL sobre o novo TDAH que ninguém te contou",UCPSF_i4TthY5-7XMnLjh2jQ,Neurologia e Psiquiatria,2025-10-09T22:01:08Z,127924,12170,540
urrFKWtT83E,Quem te machucou não merece sua energia #saudemental #reflexão #mudança #autocuidado #tempodecrescer,,UCHaSx5KrdWbxbBsX6BgwidQ,Rossandro Klinjey,2024-10-08T21:19:57Z,633346,62269,475
UULRdEoptbI,Faça o seu teste da autoestima! Aula 01 | Oficina Autoestima Curativa,"Convite para a Palestra de Rossandro Klinjey em Belo Horizonte!

📅 Data: 20 de março
📍 Local: The One Eventos
Av. Raja Gabáglia, 1143, Loja 4 - Luxemburgo, Belo Horizonte/MG

🎤 Tema da Palestra:
""As Quatro Estações da Alma: Da Angústia à Esperança""
 ingressos no link : 

https://www.sympla.com.br/evento/ross...

PALESTRAS NOS ESTADOS UNIDOS 

📅 Data: 17 de Maio - MIAMI
📍 Local: University of Miami
Lakeside Village Expo - 1280 Stanford Dr Room 
1078 - Coral Gable, FL
LINK PARA COMPRA - MIAMI
https://www.eventbrite.com/e/rossandr...

📅 Data: 18 de Maio - ORLANDO
📍 Local: Hilton Garden Inn Orlando
1-4 Millenia Blvd Mall - 5058 Millenia Pl Dr, Olando - FL
LINK PARA COMPRA - ORLANDO
https://www.eventbrite.com/e/rossandr...

📅 Data: 21 de Maio - NEW YORK
📍 Local: Club 135 
135 W 50th St, New York, NY 
LINK PARA COMPRA - NEW YORK
https://www.eventbrite.com.br/e/rossa...


📅 Data: 24 de Maio - BOSTON
📍 Local: The Inn At Longwood Medical - Langwood Hall 
342 Longwood Ave, Boston 
LINK PARA COMPRA - BOSTON

https://www.eventbrite.com/e/rossandr...

___________
""Se você gostou deste conteúdo, acesse nossos episódios anteriores e faça um mergulho em sua alma. Episódios inéditos e ao vivo, todos os domingos, às 10h da manhã.  

Este programa é um oferecimento da @Educa.RossandroKlinjey, empresa de educação socioemocional, criada para desenvolver as habilidades emocionais de alunos, pais e educadores. Para mais informações, entre em contato pelo telefone (011) 93266-7774.  

Quer passar um ano comigo em uma imersão curativa para desenvolver-se emocionalmente e transformar sua vida? Acesse agora: [https://curso.rossandro.com/paravoce]",UCHaSx5KrdWbxbBsX6BgwidQ,Rossandro Klinjey,2024-09-22T15:00:20Z,62440,12516,1135
BooE7peD6-0,Continue fingindo que nada mudou  #saudemental #reflexão #mudança #autocuidado #tempodecrescer,,UCHaSx5KrdWbxbBsX6BgwidQ,Rossandro Klinjey,2024-09-17T21:00:05Z,229873,30345,423
izcHAEy11VQ,"1ª Live da série especial ""Quando eu cuido de mim"" com Rossandro Klinjey","Convite para a Palestra de Rossandro Klinjey em Belo Horizonte!

📅 Data: 20 de março
📍 Local: The One Eventos
Av. Raja Gabáglia, 1143, Loja 4 - Luxemburgo, Belo Horizonte/MG

🎤 Tema da Palestra:
""As Quatro Estações da Alma: Da Angústia à Esperança""
 ingressos no link : 

https://www.sympla.com.br/evento/ross...

PALESTRAS NOS ESTADOS UNIDOS 

📅 Data: 17 de Maio - MIAMI
📍 Local: University of Miami
Lakeside Village Expo - 1280 Stanford Dr Room 
1078 - Coral Gable, FL
LINK PARA COMPRA - MIAMI
https://www.eventbrite.com/e/rossandr...

📅 Data: 18 de Maio - ORLANDO
📍 Local: Hilton Garden Inn Orlando
1-4 Millenia Blvd Mall - 5058 Millenia Pl Dr, Olando - FL
LINK PARA COMPRA - ORLANDO
https://www.eventbrite.com/e/rossandr...

📅 Data: 21 de Maio - NEW YORK
📍 Local: Club 135 
135 W 50th St, New York, NY 
LINK PARA COMPRA - NEW YORK
https://www.eventbrite.com.br/e/rossa...


📅 Data: 24 de Maio - BOSTON
📍 Local: The Inn At Longwood Medical - Langwood Hall 
342 Longwood Ave, Boston 
LINK PARA COMPRA - BOSTON

https://www.eventbrite.com/e/rossandr...

___________
""Se você gostou deste conteúdo, acesse nossos episódios anteriores e faça um mergulho em sua alma. Episódios inéditos e ao vivo, todos os domingos, às 10h da manhã.  

Este programa é um oferecimento da @Educa.RossandroKlinjey, empresa de educação socioemocional, criada para desenvolver as habilidades emocionais de alunos, pais e educadores. Para mais informações, entre em contato pelo telefone (011) 93266-7774.  

Quer passar um ano comigo em uma imersão curativa para desenvolver-se emocionalmente e transformar sua vida? Acesse agora: [https://curso.rossandro.com/paravoce]",UCHaSx5KrdWbxbBsX6BgwidQ,Rossandro Klinjey,2024-04-16T00:18:47Z,232395,23487,791
4XYIRuhnRfI,Aula 2: O Jeito Certo de lidar com o TDAH - Dra. Ana Beatriz Barbosa,"Você não é preguiçosa. Você tem um cérebro que nunca recebeu o manual certo. 

As vagas para a primeira turma do TDAH 2.0 estão abertas! 

Desenhado especificamente para o cérebro adulto com TDAH, o curso conta com aulas de 5 a 10 minutos, sistema de retomada sem culpa, gamificação nativa e uma estrutura que realmente funciona com o seu cérebro, e não contra ele. 

INSCREVA-SE AGORA:  https://lp.draanabeatriz.com.br/

─────────────────────────
🎓 NÃO PERCA AS PRÓXIMAS AULAS!

A aula 3 desta série gratuita estão chegando.
Inscreva-se agora para garantir seu acesso:
👉 https://lp.draanabeatriz.com.br/

📲 Entre no canal oficial do evento no WhatsApp para receber todas as novidades em primeira mão:
👉 https://whatsapp.com/channel/0029VbClNfZKmCPKDQFlec0I

🌱 Faça parte da Comunidade Ser Humano Sustentável:
👉 https://humanbeing.com.br/en/club/comunidadeserhumanosustetavel
─────────────────────────
Seja membro deste canal e ganhe benefícios:
https://www.youtube.com/channel/UC5VvsTwsyKWMZSQtt1MPCEw/join

🔔SE INSCREVA NO CANAL E ATIVE O SININHO PARA RECEBER AS NOTIFICAÇÕES DE NOVOS EPISÓDIOS.

💌 Contato comercial/ parcerias: contato@grupopodpeople.com.br

🎧OUÇA O PODPEOPLE TAMBÉM NAS DEMAIS PLATAFORMAS: 

💚 Spotify: [https://spotifyanchor-web.app.link/e/...](https://www.youtube.com/redirect?event=video_description&redir_token=QUFFLUhqazM4QllrVXZfQVo3UlZYU2FHOWg5bDQ3WWZFQXxBQ3Jtc0tsYTVSNTRNYnh5aGpua1U1VGlxSVJKYXBNd2FyR09OMEUtcGpmTFRiNVE2bFBrYl9vc0k3d0RWYk5yeDEwRlRPT0Z2Q2c1WWN2ZXNMV1o3eHhBQ2poSVZENmNIaEhHcno0SDdZcU9VZDE2SjQ5VXlEcw&q=https%3A%2F%2Fspotifyanchor-web.app.link%2Fe%2FACqpx360jBb&v=tUMMFqnV_U4)

💜 Deezer: [https://deezer.com/show/1000086905](https://www.youtube.com/redirect?event=video_description&redir_token=QUFFLUhqbjdnaFNsZEVvdmFpa2V2eTJwekhuWUE4Zkx2UXxBQ3Jtc0ttQkVpMlh2R2RuNFhfZlp5UVZ2RFVNMXBVUDM0WE9zalZPUldnR0cyMTA3ZlR1WVhPT2UwWlRUVFpqMkFBcDFBQ3BFX2hmS3VnZlRnakdxalcxb1d1WS1QOEFkcksxOHBoT1BMeTdSemhZYWJnZXVFVQ&q=https%3A%2F%2Fdeezer.com%2Fshow%2F1000086905&v=tUMMFqnV_U4)

-----

🧠 REDES SOCIAIS DO PIPINHO: 

- Instagram: https://www.instagram.com/podpeople_/
- Trends: @podpeople_@trends.net

-----

ANFITRIÃO: DRA. ANA BEATRIZ BARBOSA (BIA)

❤️ Siga as redes sociais da Bia:

- Instagram:  https://www.instagram.com/anabeatriz11/
- Trends: @anabeatriz11@trends.net
- Twitter: https://twitter.com/anabeatrizpsi
- Facebook: https://www.facebook.com/draanabeatriz
- TikTok: https://www.tiktok.com/@draanabeatriz11
- Site -  https://draanabeatriz.com.br/

-----
#saudemental #draanabeatriz #tdah #Procrastinação #Neurociência 
[#podcast](https://www.youtube.com/hashtag/podcast)

[#podpeople](https://www.youtube.com/hashtag/podpeople)

[#pipinho](https://www.youtube.com/hashtag/pipinho)

TDAH procrastinação, TDAH produtividade, como parar de procrastinar TDAH, dopamina TDAH foco, dificuldade de iniciar tarefas TDAH, cérebro TDAH foco, técnica produtividade TDAH, primeiros 10 minutos produtividade, ativação do foco TDAH

⚠️ *AVISO LEGAL - DISTRIBUIÇÃO DE CONTEÚDO* ⚠️

Se você deseja criar um canal de edições com conteúdo do PopPeople, ficamos satisfeitos com a ideia, mas é fundamental que você esteja ciente das seguintes diretrizes:

1. Não reproduza integralmente nosso conteúdo; crie suas próprias edições.
2. Aguarde um período de 48 horas antes de publicar as edições.
3. Evite conteúdo sensacionalista e respeite nossos convidados.
4. Inclua links para o episódio oficial no YouTube.
5. Faça menção a @podpeople_ nas redes sociais.
6. Em caso de violação, entraremos em contato e, se necessário, tomaremos medidas legais.
7. Esteja ciente de que as regras podem ser atualizadas, portanto, mantenha-se informado.",UC5VvsTwsyKWMZSQtt1MPCEw,PodPeople - Ana Beatriz Barbosa,2026-03-10T22:30:07Z,49276,6995,627
Sz5T5ilL-_E,"Aula 1: O Jeito Errado | TDAH, Procrastinação e Foco com Dra. Ana Beatriz Barbosa","Você não é preguiçosa. Você tem um cérebro que nunca recebeu o manual certo. 

As vagas para a primeira turma do TDAH 2.0 estão abertas! 

Desenhado especificamente para o cérebro adulto com TDAH, o curso conta com aulas de 5 a 10 minutos, sistema de retomada sem culpa, gamificação nativa e uma estrutura que realmente funciona com o seu cérebro, e não contra ele. 

INSCREVA-SE AGORA:  https://lp.draanabeatriz.com.br/

─────────────────────────
🎓 NÃO PERCA AS PRÓXIMAS AULAS!

As aulas 2 e 3 desta série gratuita estão chegando.
Inscreva-se agora para garantir seu acesso:
👉 https://lp.draanabeatriz.com.br/

📲 Entre no canal oficial do evento no WhatsApp para receber todas as novidades em primeira mão:
👉 https://whatsapp.com/channel/0029VbClNfZKmCPKDQFlec0I

🌱 Faça parte da Comunidade Ser Humano Sustentável:
👉 https://humanbeing.com.br/en/club/comunidadeserhumanosustetavel
─────────────────────────

Seja membro deste canal e ganhe benefícios:
https://www.youtube.com/channel/UC5Vv...

🔔 SE INSCREVA NO CANAL E ATIVE O SININHO PARA RECEBER AS NOTIFICAÇÕES DE NOVOS EPISÓDIOS.

💌 Contato comercial / parcerias: contato@grupopodpeople.com.br

🎧 OUÇA O PODPEOPLE TAMBÉM NAS DEMAIS PLATAFORMAS:
💚 Spotify: https://spotifyanchor-web.app.link/e/...
💜 Deezer: https://deezer.com/show/1000086905

─────────────────────────
🧠 REDES SOCIAIS DO PIPINHO:
- Instagram: https://www.instagram.com/podpeople_/
- Trends: @podpeople_@trends.net

─────────────────────────
ANFITRIÃ: DRA. ANA BEATRIZ BARBOSA (BIA)

❤️ Siga as redes sociais da Bia:
- Instagram: https://www.instagram.com/anabeatriz11/
- Trends: @anabeatriz11@trends.net
- Twitter: https://twitter.com/anabeatrizpsi
- Facebook: https://www.facebook.com/draanabeatriz
- TikTok: https://www.tiktok.com/@draanabeatriz11
- Site: https://draanabeatriz.com.br/

─────────────────────────
#saudemental #draanabeatriz #tdah #TDAHemAdultos #Procrastinação #Dopamina #TDAHEmMulheres #podcast #podpeople #pipinho",UC5VvsTwsyKWMZSQtt1MPCEw,PodPeople - Ana Beatriz Barbosa,2026-03-09T22:30:07Z,123650,12433,718
z6z4K8BIedA,Adolescentes Violentos: Um Sinal de Alerta Urgente! | ANA BEATRIZ,"Você saberia identificar se seu filho está consumindo ou participando de conteúdos violentos online?Alguns sinais são silenciosos, mas extremamente perigosos.

Neste vídeo, explico o que está por trás do aumento de adolescentes envolvidos em comunidades digitais que normalizam crueldade, humilhação e violência extrema. A partir da psiquiatria infantil e da experiência clínica, mostro os principais sinais de alerta, como isolamento repentino, obsessão por conteúdos violentos, frieza emocional e segredo excessivo com o uso de telas.

Você vai entender:
O que pode estar acontecendo na mente desses jovens
Quando o comportamento deixa de ser “fase”
Como agir sem culpa, mas com responsabilidade
Quando buscar ajuda profissional
A internet pode potencializar o melhor e o pior do comportamento humano. Informação responsável e diálogo aberto são as ferramentas mais eficazes para proteger crianças e adolescentes.

Se você é pai, mãe ou educador, este conteúdo pode ser decisivo.
_
Seja membro deste canal e ganhe benefícios:
https://www.youtube.com/channel/UC5VvsTwsyKWMZSQtt1MPCEw/join

🔔SE INSCREVA NO CANAL E ATIVE O SININHO PARA RECEBER AS NOTIFICAÇÕES DE NOVOS EPISÓDIOS.

💌 Contato comercial/ parcerias: contato@grupopodpeople.com.br

🎧OUÇA O PODPEOPLE TAMBÉM NAS DEMAIS PLATAFORMAS: 

💚 Spotify: [https://spotifyanchor-web.app.link/e/...](https://www.youtube.com/redirect?event=video_description&redir_token=QUFFLUhqazM4QllrVXZfQVo3UlZYU2FHOWg5bDQ3WWZFQXxBQ3Jtc0tsYTVSNTRNYnh5aGpua1U1VGlxSVJKYXBNd2FyR09OMEUtcGpmTFRiNVE2bFBrYl9vc0k3d0RWYk5yeDEwRlRPT0Z2Q2c1WWN2ZXNMV1o3eHhBQ2poSVZENmNIaEhHcno0SDdZcU9VZDE2SjQ5VXlEcw&q=https%3A%2F%2Fspotifyanchor-web.app.link%2Fe%2FACqpx360jBb&v=tUMMFqnV_U4)

💜 Deezer: [https://deezer.com/show/1000086905](https://www.youtube.com/redirect?event=video_description&redir_token=QUFFLUhqbjdnaFNsZEVvdmFpa2V2eTJwekhuWUE4Zkx2UXxBQ3Jtc0ttQkVpMlh2R2RuNFhfZlp5UVZ2RFVNMXBVUDM0WE9zalZPUldnR0cyMTA3ZlR1WVhPT2UwWlRUVFpqMkFBcDFBQ3BFX2hmS3VnZlRnakdxalcxb1d1WS1QOEFkcksxOHBoT1BMeTdSemhZYWJnZXVFVQ&q=https%3A%2F%2Fdeezer.com%2Fshow%2F1000086905&v=tUMMFqnV_U4)

-----

🧠 REDES SOCIAIS DO PIPINHO: 

- Instagram: https://www.instagram.com/podpeople_/
- Trends: @podpeople_@trends.net

-----

ANFITRIÃO: DRA. ANA BEATRIZ BARBOSA (BIA)

❤️ Siga as redes sociais da Bia:

- Instagram:  https://www.instagram.com/anabeatriz11/
- Trends: @anabeatriz11@trends.net
- Twitter: https://twitter.com/anabeatrizpsi
- Facebook: https://www.facebook.com/draanabeatriz
- TikTok: https://www.tiktok.com/@draanabeatriz11
- Site -  https://draanabeatriz.com.br/

-----
#saudemental #draanabeatriz 

adolescentes e violência online, sinais de alerta comportamento juvenil, grupos violentos na internet, transtorno de conduta adolescente, como proteger filhos na internet, psiquiatria infantil explicação, crueldade digital juvenil, uso excessivo de telas adolescentes, perigo internet para pais, saúde mental adolescentes


[#podcast](https://www.youtube.com/hashtag/podcast)

[#podpeople](https://www.youtube.com/hashtag/podpeople)

[#pipinho](https://www.youtube.com/hashtag/pipinho)

⚠️ *AVISO LEGAL - DISTRIBUIÇÃO DE CONTEÚDO* ⚠️

Se você deseja criar um canal de edições com conteúdo do PopPeople, ficamos satisfeitos com a ideia, mas é fundamental que você esteja ciente das seguintes diretrizes:

1. Não reproduza integralmente nosso conteúdo; crie suas próprias edições.
2. Aguarde um período de 48 horas antes de publicar as edições.
3. Evite conteúdo sensacionalista e respeite nossos convidados.
4. Inclua links para o episódio oficial no YouTube.
5. Faça menção a @podpeople_ nas redes sociais.
6. Em caso de violação, entraremos em contato e, se necessário, tomaremos medidas legais.
7. Esteja ciente de que as regras podem ser atualizadas, portanto, mantenha-se informado.",UC5VvsTwsyKWMZSQtt1MPCEw,PodPeople - Ana Beatriz Barbosa,2026-02-12T13:01:59Z,200550,20192,455
peDZ23U3JBk,O Caso Epstein: Quando o Poder Compra a Justiça | ANA BEATRIZ,"Durante anos, as provas estavam ali, depoimentos, registros, evidências físicas e mesmo assim, nada aconteceu.

O caso Epstein expõe algo mais profundo do que um criminoso em série: um padrão de proteção ao poder, acordos feitos em silêncio e instituições que falharam repetidamente em quem mais precisava ser protegido.

Foram décadas de predação enquanto o sistema negociava penas, ignorava vítimas e normalizava a impunidade como se fosse parte do processo.
Isso não é sobre um nome específico, é sobre como dinheiro compra tempo, influência compra silêncio e justiça passa a funcionar de forma seletiva.

Quando crimes são sistemáticos, o erro não é individual e sim estrutural.

💬 O que permite que esse tipo de coisa dure tanto tempo sem consequências reais? Deixe sua opinião nos comentários!

#CasoEpstein #FalhasInstitucionais #Impunidade #JustiçaSeletiva
_
Seja membro deste canal e ganhe benefícios:
https://www.youtube.com/channel/UC5VvsTwsyKWMZSQtt1MPCEw/join

🔔SE INSCREVA NO CANAL E ATIVE O SININHO PARA RECEBER AS NOTIFICAÇÕES DE NOVOS EPISÓDIOS.

💌 Contato comercial/ parcerias: contato@grupopodpeople.com.br

🎧OUÇA O PODPEOPLE TAMBÉM NAS DEMAIS PLATAFORMAS: 

💚 Spotify: [https://spotifyanchor-web.app.link/e/...](https://www.youtube.com/redirect?event=video_description&redir_token=QUFFLUhqazM4QllrVXZfQVo3UlZYU2FHOWg5bDQ3WWZFQXxBQ3Jtc0tsYTVSNTRNYnh5aGpua1U1VGlxSVJKYXBNd2FyR09OMEUtcGpmTFRiNVE2bFBrYl9vc0k3d0RWYk5yeDEwRlRPT0Z2Q2c1WWN2ZXNMV1o3eHhBQ2poSVZENmNIaEhHcno0SDdZcU9VZDE2SjQ5VXlEcw&q=https%3A%2F%2Fspotifyanchor-web.app.link%2Fe%2FACqpx360jBb&v=tUMMFqnV_U4)

💜 Deezer: [https://deezer.com/show/1000086905](https://www.youtube.com/redirect?event=video_description&redir_token=QUFFLUhqbjdnaFNsZEVvdmFpa2V2eTJwekhuWUE4Zkx2UXxBQ3Jtc0ttQkVpMlh2R2RuNFhfZlp5UVZ2RFVNMXBVUDM0WE9zalZPUldnR0cyMTA3ZlR1WVhPT2UwWlRUVFpqMkFBcDFBQ3BFX2hmS3VnZlRnakdxalcxb1d1WS1QOEFkcksxOHBoT1BMeTdSemhZYWJnZXVFVQ&q=https%3A%2F%2Fdeezer.com%2Fshow%2F1000086905&v=tUMMFqnV_U4)

-----

🧠 REDES SOCIAIS DO PIPINHO: 

- Instagram: https://www.instagram.com/podpeople_/
- Trends: @podpeople_@trends.net

-----

ANFITRIÃO: DRA. ANA BEATRIZ BARBOSA (BIA)

❤️ Siga as redes sociais da Bia:

- Instagram:  https://www.instagram.com/anabeatriz11/
- Trends: @anabeatriz11@trends.net
- Twitter: https://twitter.com/anabeatrizpsi
- Facebook: https://www.facebook.com/draanabeatriz
- TikTok: https://www.tiktok.com/@draanabeatriz11
- Site -  https://draanabeatriz.com.br/

-----
#saudemental #draanabeatriz 
[#podcast](https://www.youtube.com/hashtag/podcast)

[#podpeople](https://www.youtube.com/hashtag/podpeople)

[#pipinho](https://www.youtube.com/hashtag/pipinho)

⚠️ *AVISO LEGAL - DISTRIBUIÇÃO DE CONTEÚDO* ⚠️

Se você deseja criar um canal de edições com conteúdo do PopPeople, ficamos satisfeitos com a ideia, mas é fundamental que você esteja ciente das seguintes diretrizes:

1. Não reproduza integralmente nosso conteúdo; crie suas próprias edições.
2. Aguarde um período de 48 horas antes de publicar as edições.
3. Evite conteúdo sensacionalista e respeite nossos convidados.
4. Inclua links para o episódio oficial no YouTube.
5. Faça menção a @podpeople_ nas redes sociais.
6. Em caso de violação, entraremos em contato e, se necessário, tomaremos medidas legais.
7. Esteja ciente de que as regras podem ser atualizadas, portanto, mantenha-se informado.",UC5VvsTwsyKWMZSQtt1MPCEw,PodPeople - Ana Beatriz Barbosa,2026-02-11T13:01:27Z,2437607,251351,6546
xZ7pT6MO9NA,"estar pronta é uma decisão, não um sentimento","primeiro episódio podcast FIZ O QUE PUDE, agora no youtube!
ouça outros episódios aqui:
https://open.spotify.com/show/6yTHTc5kaZj85vstsFV7GP?trackId=3lZiyitoEuxXTdMwbJ8Tft

meu insta
https://www.instagram.com/ellorahaonne

faq
28 anos
sony zv1 & osmo poket 3
moro em são paulo, cresci em mongaguá",UCOAYJTn0tRL-a8d-lm8fIWA,ellora,2025-08-04T20:45:06Z,71636,11792,573
_FbJZyte8Fg,27 lições com 27 anos,"virar uma adulta é doidera. é estranho sentir que eu não sou mais criança, mas ainda não sou como eu achei que seria. sei lá, é confuso. tava morrendo de vergonha de gravar esse vídeo, de me expor... mas crescer também é isso, então aqui vão meus aprendizados recentes!

meu podcast (fiz o que pude) 
https://open.spotify.com/show/6yTHTc5kaZj85vstsFV7GP
instagram
https://www.instagram.com/ellorahaonne",UCOAYJTn0tRL-a8d-lm8fIWA,ellora,2024-10-20T21:00:30Z,168263,21680,933
7OfFUurlhi0,você não é seu desempenho.,"bom, eu sempre fui paranóica com desempenho e nunca acho que estou fazendo o suficiente então decidi fazer um vídeo (que super serviria pra minha versão de 20 anos) e que pode servir pra você.

de verdade, encontre outros meios de validação pq isso aí é um tiro no pé",UCOAYJTn0tRL-a8d-lm8fIWA,ellora,2023-03-05T21:00:02Z,90829,11468,561
Fx8zysMg9Rs,como fazer amigos depois do isolamento (e paranóias de ser chata),"como fazer amigos? compartilhei nesse vídeo um pouco do meu processo em consolidar minhas amizades, fazer amizades novas e admitir que eu ainda tenho muita dificuldade em confiar nas pessoas... mas faz parte. :)

00:00 introdução
00:38 as relações mudam
02:03 níveis de amizades
04:08 novas amizades
06:09 que tipo de amiga eu sou
09:06 assumindo paranoia 
11:11 lidando com traumas
12:52 como criar laços
13:58 não romantizar amizade
14:57 conselho final


perguntas frequentes:
tenho 24 anos (me sinto com uns 16)
não tenho casa fixa
fiz três anos de arquitetura mas tranquei
sou formada em mídias sociais digitais
sol em touro, asc em áries e lua em gêmeos
minha terapia agora é fenomenologia
recomendo a terapia cognitivo comportamental
câmera sony a7sii com lente 35mm yongnuo
ou a sony zv1 para planos abertos/vlogs
meu editor de vídeo é o final cut pro para mac
mas hoje em dia a sofia brayner que edita!

por aí
insta:
http://instagram.com/ellorahaonne/
facebook: (quem usa?)
https://www.facebook.com/ellorahaonne/
 youtubius:
http://youtube.com/ellorahaonne



Music by Helkimer - icecream (feat. ThinkChill) - https://thmatc.co/?l=85344E3E",UCOAYJTn0tRL-a8d-lm8fIWA,ellora,2022-03-28T23:00:12Z,59608,9011,454
uI47WkizMTo,AGRADECIMENTOS FINAIS,"porque agradecer é uma delícia.

vídeos com as pessoas mencionadas aqui: 

Canal das Bee - https://youtu.be/WdVkNmhO59o
Xongani - https://youtu.be/Q011H8BIPKg
Wally - https://youtu.be/EWuwo_y0srs
Luiza Junqueira - https://youtu.be/hkDIRGor1kM
Gustavo Gitti - https://youtu.be/-CLzObhmsNo
Jess - https://youtu.be/3i-zZUYo-I0
Bônus com Jess - https://youtu.be/DGXZWD8ipvU
Afliceta - https://youtu.be/02EYgP8kzrI
Rodrigo (Funks) - https://youtu.be/dLnCaAer2jA
Tila - https://youtu.be/o1cvspEeJso
Liz - https://youtu.be/RPlnoQEeGLU
CAJOUTIZ - https://youtu.be/qgNbCBJCgJ4
Projeto de Política - https://youtu.be/GhMrvP59o7A
Marcell - https://youtu.be/ms3K5VrN-dY
Guiga (Milho) - https://youtu.be/vSllth2IIfE
Bônus com Guiga - https://youtu.be/73uzSHTXWjA
Viagem Peru - https://youtu.be/jt5rU7fJQPA
Viagem WWF - https://youtu.be/yNt6O5d3d7g
Viagem Inglaterra - https://youtu.be/30EF4xzCiq4
Viagem Loreal - https://youtu.be/b0med6S-s2Q
Primeiro Merchan com Enjoei - https://youtu.be/mDUYKQed_4w
Vídeos de GNT - https://youtu.be/srPZJBXHtBQ
Margot e Peralta - https://youtu.be/beJvXALL10w
Vídeo sobre sistema carcerário - https://youtu.be/2C8ivefzZto",UCbE7YGLZ-VY0oCgIsCSJ5Sg,JoutJout Prazer,2022-07-24T13:00:24Z,530377,56203,3238
6lzC5Z-hUaw,ENCERRAMENTO MASSA,"família jout jout,
já estava na hora de algum parecer, não é mesmo?
em 2019 falamos que daríamos uma pausa até o carnaval de 2020 e aí o mundo virou de cabeça pra baixo - o externo & o interno - e agora, depois de 2 anos, estamos de volta pra falar que chegou o momento de encerrar esse belo ciclo iniciado lá em 2014, com muito frio na barriga e nenhuma ideia de onde chegaríamos. agora sabemos que chegamos num lugar massa e por isso merecemos um encerramento massa! nós e vocês, a família toda. portanto, eu e caião convidamos vocês com todo o amor do mundo para se juntarem a nós nesse momento tão importante da nossa história para honrar a jornada que trilhamos juntos até aqui. e que bela jornada! agradecemos profundamente a todes que participaram de alguma forma em algum momento deste canal. vocês são demais! e foi em meio a muitas risadas e prantos que conseguimos gravar esse vídeo para nós e para vocês. esperamos que gostem e que se sintam contemplados, respeitados e gratos por terem nos tocado de forma tão maravilhosa e por terem sido tocados por nós também! desejamos a todes uma boa vida e boas escolhas! tá bem? então tá bem!",UCbE7YGLZ-VY0oCgIsCSJ5Sg,JoutJout Prazer,2022-07-23T13:00:06Z,1187248,126818,7542
uhqfLcXKAnw,GIRLS EDUCATION: ELAS QUE LUTAM,"Junte-se a nós e encontre sua voz no movimento global de educação para meninas #CreatorsForChange

Assista a Creators for Change: On Girls 'Education! 
Link para a playlist com todos os lançamentos especiais: http://bit.ly/2whQemW

""Elas que lutam"" é um vídeo que produzimos especialmente para o projeto #CreatorsForChange desse ano a convite do Youtube Originals em parceria com a #MichelleObama e a sua fundação #GirlsOpportunityAlliance. O tema desse ano foi educação para meninas e a nossa missão era falar desse contexto aqui no Brasil, mas como falar desse tema em um país tão imenso como o nosso?
Foi assim que chegamos até o nosso enfoque: coletivos e grupos de meninas (e alguns meninos também) que estão discutindo feminismo e gênero pelas escolas do país e a partir dessa coletividade estão transformando o ambiente escolar. Obviamente sempre soubemos que não seria possível dar voz a todas as experiências existentes no país, mas desde o princípio a nossa ideia foi buscar escolas e pessoas com propostas e realidades diversas. O resultado você confere nesse vídeo!
Agradecemos a todas, todos e todes que toparam compartilhar suas vivências com a gente e esperamos que assim o vídeo contribua para multiplicar e fortalecer movimentos como os que mostramos aqui.



FICHA TECNICA

Roteiro: Julia Tolezano, Caio Franco e Liz Tibau
Pesquisa e Direção de Produção: Liz Tibau
Direção de fotografia: Caio Franco
Câmera: Caio Franco e Liz Tibau
Edição e montagem: Ricardo Moura
Som Direto: Priscila Nascimento (PE), Cris Lima (BA), Irla Franco (RJ)
Articulação Local: Ana Cecília Cuentro (Recife/EREM Silva Jardim - PE), Camila de Moraes, Neuza Santos e Aline Soares (Monte Santo/EFASE - BA)
Legenda: Leo Ferrario e André Valença


AGRADECIMENTOS:

Escola de Referência em Ensino Médio Conde Pereira Carneiro (São Lourenço da Mata - PE)
Coletivo Mulheres Na História: Anne Vitória Reis, Karine Vitória Alves, Marcela Carla Viana, Maria Júlia Arcelino, Stefanny Poliane Santana, Fabíola Tayane da Silva, Aline Victória Lucena, Bianca Lopes, Larissa Vitória Tavares

Escola de Referência em Ensino Médio Silva Jardim (Recife - PE)
Alunxs do Núcleo de Gênero: Alice Silva, Ana Letícia Silva, Beatrys do Nascimento, Isabelle Silva, Júlia Beatriz da Silva, Lucas Vinícius Silva, Matheus Santos, Maria Eduarda de Barros, Vitória de Freitas
Coordenadora do núcleo: Profª Cristiana de Carvalho

Escola Família Agrícola do Sertão (Monte Santo - BA)
Luciana Pinto - Terres des Hommes
Alunxs: Helen Letícia Costa, Leonardo de França, Manoela dos Anjos, Samara dos Santos, Samy Ferreira, Robéria Ataydes, Valdirene Reis
Ex-alunas e monitoras: Aline Santos, Crislandia Brito, Emília de Brito, Camila de Maraes, Ianca Silva Santos, Juliana Almeida, Neuza Santos

Aline Silva
Ananda Cantarino  
Andrey Bernardes
Sophia Branco
Betina Sarue
Elisa de Castro
Esther Martins
Luiza Guimarães
Marília Xavier
Marcell Carrasco
Bruna Silveira
Raphaela Picorelli
Ricardo Moura
Sarah Borges",UCbE7YGLZ-VY0oCgIsCSJ5Sg,JoutJout Prazer,2020-03-17T12:00:17Z,666589,76438,4307
rqbkJn9kUv4,EXPRESSÃO MÁXIMA DO DESCONFORTO | PARTE 2,"vamos nos amar virtualmente:
https://www.facebook.com/prazerjoutjout
http://instagram.com/joutjout
http://twitter.com/joutfuckinjout

pra me mandar um emailzim:
joutjoutprazer@gmail.com

Trilha Original por Rodrigo Martins.",UCbE7YGLZ-VY0oCgIsCSJ5Sg,JoutJout Prazer,2019-12-03T14:50:20Z,554905,51522,2824
45u2eqABBRk,Pra você que pensa e sente demais | A filosofia da ansiedade,"Como acalmar a mente e pensar menos? A filosofia da ansiedade pode ajudar. Se você lida com overthinking e pensamentos excessivos, esse vídeo é pra você (confia). Curtiu? Participe do meu Discord: https://apoia.se/ludoviajante

Parece que vivemos em guerra com nossa mente: ela não para, não relaxa. A ansiedade virou o mal do século, e transtornos como o TAG só crescem. Mas será que existe uma saída?

Neste vídeo-ensaio, conto minha experiência na terapia e como meu ódio por psicólogos me levou ao Mito de Orfeu - a história de um jovem grego que pensava demais. Esse mito não é só uma tragédia antiga: é um espelho da nossa mente ansiosa, marcado pela lição do “não olhe para trás”.

Mas afinal, como controlar a ansiedade e o overthinking? A resposta pode estar no taoismo, uma filosofia chinesa milenar. Através do conceito de wu-wei - agir sem forçar - descobrimos como acalmar a mente, abraçar o mindfulness e melhorar a saúde mental.

Se você já se perguntou “como pensar menos?” ou “como acalmar a ansiedade?”, ou se interessa por filosofias como estoicismo e existencialismo, esse vídeo é pra você.

......

►► LIVROS CITADOS (ao clicar nos links, você me ajuda, obg)

📘 Tao-Te-Ching: https://amzn.to/4pdwmHn

📕  Como sobreviver na Era da Ansiedade: https://amzn.to/4gcZudy

📗 O Mito de Orfeu (só tem ele em livros maiores, com outros mitos): https://amzn.to/3I3UKut

► PIX do canal: LUDOVIAJANTE@GMAIL.COM
(está no nome do meu assessor, o Gabriel)
(qualquer valor ajuda ♥)

......

ME SIGA POR AÍ

► Canal secundário (vídeos extras): https://www.youtube.com/@LudoviajanteSemRoteiro

► Instagram (reels filosóficos): https://www.instagram.com/ludoviajante/

► Twitter: https://twitter.com/ludoviajante

......

CRÉDITOS

Atuação: @manualdoaristeu
Ilustrações 2D Orfeu e Taoismo: @pedr_augusto98
Motion do Orfeuzinho e Joãozinho: @americanerd.ag (Diego Reigersberg)
Trecho ""Teatro do Ego"": @animadorpobre

Simple Harp Loop
https://freesound.org/people/Roloxi/sounds/639113/

Swoosh abstract
https://freesound.org/people/Rizzard/sounds/558240/

Deep and Mysterious Music for Cosmic Themes by ViraMiller https://freesound.org/s/747938/ -- License: Attribution 4.0

Gif da caveira
Louis-César Leroux aka louis16art
https://giphy.com/gifs/kG9Hr9fxPpv590gKSC

Sorrowful Serenade by Universfield

https://freesound.org/s/735312/ - License: Attribution 4.0

Outras músicas: Epidemic Sound

......

BIBLIOGRAFIA

Lao Tzu - Tao Te Ching

Judson Brewer - Unwinding Anxiety: New Science Shows How to Break Cycles of Worry and Fear

Alan Watts - principais obras (The Wisdom of Insecurity, The Book, The Way of Zen)

Barry McDonagh - Dare: The New Way to End Anxiety and Stop Panic Attacks

Kirren Schnack - Ten Times Calmer

Robert Sapolsky - Why Zebras Don't Get Ulcers

Marco Aurélio - Meditações

Augusto Cury - Ansiedade: Como Enfrentar o Mal do Século

Steven Pinker - Como a Mente Funciona

Ana Beatriz Barbosa - Mentes Ansiosas: O Medo e a Ansiedade Nossos de Cada Dia

Robert Sapolsky - Comporte-se

......

COISINHOS DO TEMPO
0:00 - Introdução
1:45 - Parte I: O mito da mente ansiosa
5:07 - A história de Orfeu
11:22 - Como a ansiedade funciona?
17:58 - Como melhorar nossa relação com a ansiedade?
21:55 - Parte II: Taoismo e a filosofia da ansiedade
25:00 - Argumento da Matrix
31:15 - De volta a Orfeu
32:27 - Amarrando tudo (Orfeu x Taoismo)",UCFzODWkN1gXm4ryOgLK8Deg,Ludoviajante,2025-09-17T20:59:18Z,1699165,257766,14488
2YtBZaqe3Mo,Assista quando estiver cansado da vida | A filosofia de Sartre,"Já se sentiu cansado de tudo e todos? A filosofia de Sartre pode ajudar. Em 13 minutos, vou provar como o Existencialismo afasta o desnânimo e nos reconecta com a vida. Curtiu o vídeo? Acesse meu Discord: https://apoia.se/ludoviajante

Cansado de existir? Desconectado de si mesmo? Entenda como lidar com o burnout do vazio existencial. Hoje veremos como a filosofia existencialista de Jean Paul Sartre pode aliviar essa exaustão, através de uma reflexão sobre a Transcendência do Ego. Começa com uma questão: o que é você?

Para René Descartes, pai da filosofia moderna, ego e consciência são sinônimos. Sartre e Nietzsche discordam. Colocar o ego no centro da existência é um erro ontológico que leva a uma vida de narcisismo e desconexão. Se quisermos superar o desânimo e cuidar da saúde mental, devemos entender como nossa psicologia realmente funciona. 

►► LIVROS CITADOS (ao clicar nos links, você me ajuda, obg)

📘 A Metamorfose (Kafka): https://amzn.to/3L7fJxK

📕  A Sabedoria da Insegurança (livro que inspirou esse vídeo): https://amzn.to/497GaeL

📗 A Transcendência do Ego (Sartre): https://amzn.to/4aycAS3

......

► PIX do canal: LUDOVIAJANTE@GMAIL.COM 
(está no nome do Gabriel, o meu assessor)
(qualquer valor ajuda ♥)

......

ME AJUDE A ENCONTRAR O SENTIDO

► Me apoie: https://apoia.se/ludoviajante

► Canal secundário: https://www.youtube.com/@LudoviajanteSemRoteiro

► Sugestões filosóficas no meu Insta: https://www.instagram.com/ludoviajante/

► Twitter: https://twitter.com/ludoviajante

Moça bonita que aparece em 1:41 - @rosesclowns 

......

CRÉDITOS

♫ Música:
Kevin Macleod
https://incompetech.com/
Epidemic Sound

Licensed under Creative Commons: By Attribution 3.0 License
http://creativecommons.org/licenses/by/3.0/",UCFzODWkN1gXm4ryOgLK8Deg,Ludoviajante,2024-09-04T20:33:19Z,2304324,274054,9651
WIj_3AIKcE8,Como a vida moderna destrói seu foco - e o que fazer | Geração TDAH,"Dificuldade para focar ou se motivar? Veja como a sociedade moderna afeta nossa saúde mental, gerando moleza e cansaço; e o que podemos fazer, segundo a filosofia de Nietzsche, para recuperar o ânimo e ter mais disciplina. Gostou do vídeo? Ouça o podcast: https://apoia.se/ludoviajante

Na era das redes sociais e seus algoritmos, é difícil se concentrar. Mas por trás dessa overdose de dopamina, existe um fenômeno ainda mais profundo: a falta de sentido da cultura moderna, que, segundo Nietzsche, gera desânimo e o impulso por distração.

Mihaly Csikszentmihalyi, psicólogo húngaro, concorda. Através da teoria do Flow, ele mostra como o capitalismo (e sua fixação com produtividade) esgota nossa energia mental. O resultado é uma geração sem foco, repleta de jovens dispersos e desmotivados. Nesse ensaio filosófico, veremos por que o jovem está esgotado, como lidar com desmotivação e dicas para ter mais foco no trabalho e nos estudos. Também exploraremos o conselho de Nietzsche para os desanimados: ""aquele que tem um porquê supera qualquer como"". 


---

► PIX do canal: LUDOVIAJANTE@GMAIL.COM 
(está no nome do Gabriel, o meu gerente do youtube)

►► UPDATE: curtiu esse vídeo? 
Veja a parte 2 com novas dicas sobre foco e motivação: https://www.youtube.com/watch?v=t0ArFEP8g7I

---

📘 LIVROS E REFERÊNCIAS
Psicologia do Flow (Mihaly): https://amzn.to/3YbMsoE
Crepúsculo dos Ídolos (Nietzsche): https://amzn.to/3YbNjWy
Sociedade do Cansaço: https://amzn.to/4qplIwS

Ao clicar, você ajuda meu trabalho, obrigado! 

.......................................................

LUDOVIAJANTE NAS REDES

► Me apoie: https://apoia.se/ludoviajante

► Me veja tuitando vergonhas: https://twitter.com/ludoviajante

► Pra que serve Instagram mesmo? https://www.instagram.com/ludoviajante/

.......................................................

CRÉDITOS

♫ Música:
Kevin Macleod
https://incompetech.com/
Epidemic Sound

Licensed under Creative Commons: By Attribution 3.0 License
http://creativecommons.org/licenses/by/3.0/

----

Coisinhos do tempo

0:00 Por que está mais difícil focar?
2:00 Parte I: Filosofia do Foco
6:14 Parte II: Psicologia do Foco
10:00 Parte III: Geração Burnout - por que estamos exaustos?
13:55 Parte IV: Aquele que tem um porquê...",UCFzODWkN1gXm4ryOgLK8Deg,Ludoviajante,2024-02-08T21:12:14Z,1562671,242344,10973
N9WrRz5f7LQ,Assista quando estiver deprimido,"Rotina, tédio, vazio. Um dia você acorda e percebe que não vê mais sentido na vida. Como lidar com a ausência de propósito do mundo moderno? Hoje falaremos sobre niilismo, depressão e como escapar desse labirinto. Gostou do vídeo? Acesse o Discord e podcast: https://apoia.se/ludoviajante

Qual o sentido de existir? No início dos 20 anos, eu me vi confuso e perdido. A rotina entre faculdade e trabalho me esgotava. Após anos insistindo no erro, eu colapsei. Quase desisti de tudo. Hoje, compartilharei ideias que ajudaram a me reerguer e lidar com o vazio existencial. Quando o assunto é saúde mental, filosofia e terapia são ferramentas poderosas na busca por sentido.


►►► SUGESTÕES DE LIVROS
📗 Em busca de sentido (Viktor Frankl): https://amzn.to/4p9j3X2
📘 Breves respostas para grandes questões (Stephen Hawking): https://amzn.to/45pg5Xo
📕 O mundo de Sofia (Jostein Gaarder): https://amzn.to/3MQoj4B

Quando alguém clica, uma parte vai para o canal. Obrigado ♥

___

Pix do Ludoviajante: LUDOVIAJANTE@GMAIL.COM 
Está no nome do meu gerente, o Gabriel. Cada centavo ajuda. 


.......................................................

ME AJUDE A ENCONTRAR O SENTIDO DA VIDA 

► Me apoie:
https://apoia.se/ludoviajante

► Me veja passando vergonhas:
https://twitter.com/ludoviajante

► Me... Pra que serve um Instagram mesmo?
https://www.instagram.com/ludoviajante/

.......................................................

CRÉDITOS

@rosesclowns me ajudou na edição desse vídeo
Insta dela: https://www.instagram.com/rosesclowns/

Gif da queda: 
https://www.instagram.com/samjackgilmore/
Gif olhos: 
https://www.instagram.com/dawnnortonart/

♫ Música:
Kevin Macleod
https://incompetech.com/
Myuu: 
https://www.youtube.com/channel/UCiSKnkKCKAQVxMUWpZQobuQ

Licensed under Creative Commons: By Attribution 3.0 License
http://creativecommons.org/licenses/by/3.0/",UCFzODWkN1gXm4ryOgLK8Deg,Ludoviajante,2023-06-12T21:16:37Z,3004862,375865,9735
Vp_Rk-scPHo,MEU FILHO NÃO DORME | SONO DO BEBÊ por Juliana Goes,"Inscreva-se no canal → http://bit.ly/12vGiii 😊

Eu nem imaginava como era acordar 8x numa madrugada. Pois bem, sou mais uma mãe de um bebê que não dorme, com desafios e toda privação do sono envolvida. Nesse vídeo quero fazer meu relato, falar de tentativas, acertos, possíveis erros e também sobre o acolhimento necessário para a gente enfrentar essas fases desafiadoras! Como é sua experiência com o sono dos pequenos? Algo te ajudou por aí? Me conta 🧡

Conheça a minha linha Daily | Produtos de skincare veganos e sustentáveis → https://bit.ly/3tI5dQw

Assine o Zen Wellness → https://zenwellness.com.br/?utm_campaign=juliana_goes&utm_medium=social&utm_source=youtube 📱💖

Participe do meu canal do Telegram → https://t.me/despertarjugoes 😊📱

Baixe o meu app Zen para iPhone e Android → https://zenapp.onelink.me/vvKi/9533d486  📱💖

Compre o meu livro A Liberdade de Ser quem Você é → https://amzn.to/2nBwwOD 📖🤩

Aproveite meu CUPOM JUGOES para 20% de desconto na AMARO → https://amaro.app.link/af0kPZkcVeb [válido para novos clientes] 🥰

Conheça a minha linha Daily | Produtos de skincare veganos e sustentáveis → http://bit.ly/DailyporJuGoes

Me acompanhe nas redes sociais: 

Instagram → https://www.instagram.com/jujulianagoes/ ✨ 

Facebook →  https://www.facebook.com/JulianaGoesOficial/ ✨ 

Pinterest →  https://br.pinterest.com/jujulianagoes/ ✨

Espero ter feito seu dia mais colorido! Se gostou dá um joinha \o/

Obrigada pela visita, um beijo no coração! 💖

http://www.julianagoes.com.br/

#RotinaDoSono #SonoDoBebe",UCzAyLCiyogqvCkEr0byzDaA,Juliana Goes,2021-08-20T15:00:13Z,29435,2832,406
9DrAljtZ4_s,TOUR PELO APÊ VAZIO | Diário da Reforma por Juliana Goes,"Inscreva-se no canal → http://bit.ly/12vGiii 😊

TOUR PELO APE VAZIO?! Simmmmm! Bora conhecer esse cantinho que sonhamos por muitos e muitos anos. Estamos na fase pré mudança, mas achei legal mostrar assim mesmo, pra vocês viver isso juntinho com a gente! Bora? Ah e me conta o que achou das ideias! Deu pra entender minhas explicações? 😂🧡

VEJA VÍDEOS QUE VOCÊ PODE GOSTAR

Visitando o novo apê pela primeira vez em família → https://www.youtube.com/watch?v=WzU5q0WLe9k

Me ajude a escolher como reformar o novo apê → https://www.youtube.com/watch?v=Be1aHGepR4U

Voltei no meu primeiro apartamento → https://www.youtube.com/watch?v=9UJ1dxC7MGA

--

Assine o Zen Wellness → https://zenwellness.com.br/?utm_campaign=juliana_goes&utm_medium=social&utm_source=youtube 📱💖

Participe do meu canal do Telegram → https://t.me/despertarjugoes 😊📱

Baixe o meu app Zen para iPhone e Android → https://zenapp.onelink.me/vvKi/9533d486  📱💖

Compre o meu livro A Liberdade de Ser quem Você é → https://amzn.to/2nBwwOD 📖🤩

Aproveite meu CUPOM JUGOES para 20% de desconto na AMARO → https://amaro.app.link/af0kPZkcVeb [válido para novos clientes] 🥰

Link para desconto no Airbnb → https://bit.ly/jugoesairbnb 😊

Me acompanhe nas redes sociais: 

Instagram → https://www.instagram.com/jujulianagoes/ ✨ 

Facebook →  https://www.facebook.com/JulianaGoesOficial/ ✨

Twitter →  https://twitter.com/jujulianagoes ✨ 

Pinterest →  https://br.pinterest.com/jujulianagoes/ ✨

Espero ter feito seu dia mais colorido! Se gostou dá um joinha \o/

Obrigada pela visita, um beijo no coração! 💖

http://www.julianagoes.com.br/

#TourPeloApe #DiarioDaReforma",UCzAyLCiyogqvCkEr0byzDaA,Juliana Goes,2021-05-11T14:58:32Z,150622,16096,867
qTGxg9NeiZI,O RETORNO DA PEPEKA DEPOIS DO PARTO NORMAL VAGINAL | Juliana Goes,"Inscreva-se no canal → http://bit.ly/12vGiii 😊

É hoje!!! Bora conversar sobre o retorno da nossa querida pepeka após o parto normal vaginal. Como foram as sensações, cuidados, desafios! Se você também tiver um relato ou desabafo, junte-se a nós nos comentários 🧡 sinta-se acolhida e abraçada!

SEXO NA MATERNIDADE | Roda de Mães #3 → https://www.youtube.com/watch?v=kjFO8qCyzoA 

Assine o Zen Wellness → https://zenwellness.com.br/?utm_campaign=juliana_goes&utm_medium=social&utm_source=youtube 📱💖

Baixe o meu app Zen para iPhone e Android → https://zenapp.onelink.me/vvKi/9533d486  📱💖

Compre o meu livro A Liberdade de Ser quem Você é → https://amzn.to/2nBwwOD 📖🤩

Aproveite meu CUPOM JUGOES para 10% de desconto na AMARO → https://amaro.app.link/MJhBe0bxJbb [válido para novos clientes] 🥰

Aproveite meu CUPOM JUGOES para 10% de desconto na Emma Fiorezi, mesmo nas peças em promoção → https://emmafiorezi.com.br/?utm_source=instagram&utm_medium=influencer&utm_campaign=ju_goes 🥰

Link para desconto no Airbnb → https://bit.ly/jugoesairbnb 😊

Me acompanhe nas redes sociais: 

Instagram → https://www.instagram.com/jujulianagoes/ ✨ 

Facebook →  https://www.facebook.com/JulianaGoesOficial/ ✨

Twitter →  https://twitter.com/jujulianagoes ✨ 

Pinterest →  https://br.pinterest.com/jujulianagoes/ ✨

Espero ter feito seu dia mais colorido! Se gostou dá um joinha \o/

Obrigada pela visita, um beijo no coração! 💖

http://www.julianagoes.com.br/",UCzAyLCiyogqvCkEr0byzDaA,Juliana Goes,2021-02-26T15:00:33Z,117086,8930,416
9OjlhAPAWrY,BBB | Respondendo sobre a minha experiência no Big Brother Brasil,"Inscreva-se no canal → http://bit.ly/12vGiii 😊

COMO ASSIM EX-BBB? → https://www.youtube.com/watch?v=ghKgFIiBph8

Curiosidades sobre minha experiência no BBB? Temos! Hoje vou responder as principais perguntas que vocês mandaram sobre minha experiência no Big Brother Brasil e espero que essa troca aproxime a gente mais ainda!

PRODUTOS USADOS

Glow Now Mariana Saad by Oceane - bronzer → https://amaro.app.link/2c3k0ouc7db
Iluminador Mariana Saad by Oceane - rose gold → https://amaro.app.link/ULknaZOc7db
Base líquida nutritiva Bioart - #2 → https://amaro.app.link/bIBG0sHvedb
Tinted Lip balm Lafe’s - strong → https://amaro.app.link/gQGd4n4b7db
Lacre Pó Universal Simple Organic → https://amaro.app.link/84kWircc7db
Corretivo Simple Organic - medium → https://amaro.app.link/xLioIA7uRcb
Lápis para sobrancelhas Mariana Saad - Golden Brown
Blush Me Mariana Saad by Oceane - Call me blush → https://amaro.app.link/9PEWpPlc7db

Assine o Zen Wellness → https://zenwellness.com.br/?utm_campaign=juliana_goes&utm_medium=social&utm_source=youtube 📱💖

Baixe o meu app Zen para iPhone e Android → https://zenapp.onelink.me/vvKi/9533d486  📱💖

Compre o meu livro A Liberdade de Ser quem Você é → https://amzn.to/2nBwwOD 📖🤩

Aproveite meu CUPOM JUGOES para 10% de desconto na AMARO → https://amaro.app.link/MJhBe0bxJbb [válido para novos clientes] 🥰

Aproveite meu CUPOM JUGOES para 10% de desconto na Emma Fiorezi, mesmo nas peças em promoção → https://emmafiorezi.com.br/?utm_source=instagram&utm_medium=influencer&utm_campaign=ju_goes 🥰

Link para desconto no Airbnb → https://bit.ly/jugoesairbnb 😊

Me acompanhe nas redes sociais: 

Instagram → https://www.instagram.com/jujulianagoes/ ✨ 

Facebook →  https://www.facebook.com/JulianaGoesOficial/ ✨

Twitter →  https://twitter.com/jujulianagoes ✨ 

Pinterest →  https://br.pinterest.com/jujulianagoes/ ✨

Espero ter feito seu dia mais colorido! Se gostou dá um joinha \o/

Obrigada pela visita, um beijo no coração! 💖

http://www.julianagoes.com.br/

#bbb #maquiaefala",UCzAyLCiyogqvCkEr0byzDaA,Juliana Goes,2021-02-23T15:00:06Z,194517,15859,498
ulr0Y69HecM,5 sinais de que você é imaturo emocionalmente e não sabe,"►  Livros, Cursos e Palestras: https://fredelboni.com.br/links
►  Clube Despertar: https://clubedespertar.com.br
►  Instagram: https://www.instagram.com/fredelboni

A imaturidade emocional nem sempre é barulho, drama ou falta de controle.
Muitas vezes, ela se esconde em atitudes sutis que a gente repete sem perceber.

Neste vídeo, uma reflexão sobre 5 sinais de que você é imaturo emocionalmente e não sabe, como esses comportamentos afetam seus relacionamentos, suas decisões e a forma como você lida com frustrações, críticas e limites.

Se você sente que reage demais, se magoa fácil ou vive esperando que o outro mude, talvez esse vídeo seja um convite para olhar com mais honestidade para si — sem culpa, mas com responsabilidade.

#autoconhecimento #maturidadeemocional #inteligenciaemocional #relacionamentos #crescimentoemocional #autodesenvolvimento

► Contato profissional: contato@fredelboni.com.br",UCoIZHt3m3j-25IS64HjQUVA,Fred Elboni,2026-01-06T22:01:12Z,46380,4256,428
dJAaFIae-q0,Desapego: por que soltar é tão difícil?,"►  Livros, Cursos e Palestras: https://fredelboni.com.br/links
►  Clube Despertar: https://clubedespertar.com.br
►  Instagram: https://www.instagram.com/fredelboni

Desapegar dói porque mexe com tudo aquilo que a gente tenta segurar para não encarar o vazio.

Se você está preso a alguém, a uma fase, a uma expectativa ou a uma história que já acabou, talvez esse seja o lembrete que você precisava:
soltar não é perda — é espaço para o novo chegar.

#desapego #autoconhecimento #soltar #emocional

► Contato profissional: contato@fredelboni.com.br",UCoIZHt3m3j-25IS64HjQUVA,Fred Elboni,2025-11-27T22:35:52Z,32435,2805,483
QBMbDv7dvzs,Você tem tudo para estar bem... mas não está.,"►  Livros, Cursos e Palestras: https://fredelboni.com.br/links
►  Clube Despertar: https://clubedespertar.com.br
►  Me siga no Instagram: https://www.instagram.com/fredelboni

Às vezes, parece que você tem tudo para estar bem — um trabalho, amigos, relacionamentos, saúde — mas ainda assim sente um vazio difícil de explicar. Neste vídeo, falo sobre esse sentimento silencioso que tantas pessoas carregam: a sensação de não estar bem mesmo quando, aparentemente, não falta nada.

Isso não significa ingratidão, fraqueza ou drama. Significa apenas que somos humanos, com camadas, histórias e dores que não se resolvem só com conquistas externas. Estar bem de verdade exige coragem de olhar para dentro, acolher o que dói e entender que felicidade não é uma equação. 

Se você já se perguntou por que não consegue se sentir feliz mesmo tendo motivos, esse vídeo é para você.

#FredElboni #Autoconhecimento #ReflexãoDeVida #SaúdeMental #Felicidade #BemEstarEmocional #AmorPróprio #VidaLeve #Autoestima #CuraInterior #Relacionamentos #DesenvolvimentoPessoal

► Contato profissional: contato@fredelboni.com.br",UCoIZHt3m3j-25IS64HjQUVA,Fred Elboni,2025-08-26T22:30:05Z,13159,1840,492
ZsXupltBGAs,Como resgataria meu amor-próprio,"►  Livros, Cursos e Palestras: https://fredelboni.com.br/links
►  Clube Despertar: https://clubedespertar.com.br
►  Me siga no Instagram: https://www.instagram.com/fredelboni

Resgatar o amor-próprio não é um processo rápido, mas é talvez um dos mais importantes da vida. Neste vídeo, compartilho reflexões sobre como olhar para dentro, se reconhecer de novo e reaprender a se tratar com carinho.

Muitas vezes, a gente se perde tentando agradar os outros, buscando validação externa e esquecendo de cuidar de quem mais importa: nós mesmos. Amor-próprio não é egoísmo, é a base para viver relações mais saudáveis, escolher melhor nossos caminhos e parar de se contentar com migalhas.

#FredElboni #AmorPróprio #Autoconhecimento #Relacionamentos #Autoestima #CuraInterior #Autocuidado #DesenvolvimentoPessoal #VidaLeve #ReflexãoDeVida #Amor #ResgatePessoal #EquilíbrioEmocional

► Contato profissional: contato@fredelboni.com.br",UCoIZHt3m3j-25IS64HjQUVA,Fred Elboni,2025-08-21T22:00:41Z,11903,1650,421
